-- phpMyAdmin SQL Dump
-- version 5.2.1
-- https://www.phpmyadmin.net/
--
-- Host: localhost
-- Generation Time: Dec 02, 2025 at 01:42 PM
-- Server version: 10.4.28-MariaDB
-- PHP Version: 8.2.4

SET SQL_MODE = "NO_AUTO_VALUE_ON_ZERO";
START TRANSACTION;
SET time_zone = "+00:00";


/*!40101 SET @OLD_CHARACTER_SET_CLIENT=@@CHARACTER_SET_CLIENT */;
/*!40101 SET @OLD_CHARACTER_SET_RESULTS=@@CHARACTER_SET_RESULTS */;
/*!40101 SET @OLD_COLLATION_CONNECTION=@@COLLATION_CONNECTION */;
/*!40101 SET NAMES utf8mb4 */;

--
-- Database: `bits_toca_db`
--

-- --------------------------------------------------------

--
-- Table structure for table `Comentarios`
--

CREATE TABLE `Comentarios` (
  `ID` int(11) NOT NULL,
  `POST_ID` int(11) NOT NULL,
  `USER_ID` int(11) NOT NULL,
  `CONTEUDO` text NOT NULL,
  `DATA_CRIACAO` datetime NOT NULL DEFAULT current_timestamp()
) ENGINE=InnoDB DEFAULT CHARSET=utf8mb4 COLLATE=utf8mb4_general_ci;

--
-- Dumping data for table `Comentarios`
--

INSERT INTO `Comentarios` (`ID`, `POST_ID`, `USER_ID`, `CONTEUDO`, `DATA_CRIACAO`) VALUES
(1, 42, 42, 'Teste', '2025-12-02 00:33:00'),
(2, 42, 42, 'Teste', '2025-12-02 09:21:06');

-- --------------------------------------------------------

--
-- Table structure for table `Curtidas`
--

CREATE TABLE `Curtidas` (
  `ID` int(11) NOT NULL,
  `USER_ID` int(11) NOT NULL,
  `POST_ID` int(11) NOT NULL,
  `DATA_CURTIDA` datetime NOT NULL DEFAULT current_timestamp()
) ENGINE=InnoDB DEFAULT CHARSET=utf8mb4 COLLATE=utf8mb4_general_ci;

--
-- Dumping data for table `Curtidas`
--

INSERT INTO `Curtidas` (`ID`, `USER_ID`, `POST_ID`, `DATA_CURTIDA`) VALUES
(1, 1, 1, '2025-11-21 15:53:17'),
(2, 1, 2, '2025-11-21 15:53:17'),
(3, 1, 3, '2025-11-21 15:53:17'),
(4, 1, 4, '2025-11-21 15:53:17'),
(5, 1, 5, '2025-11-21 15:53:17'),
(6, 1, 6, '2025-11-21 15:53:17'),
(7, 1, 7, '2025-11-21 15:53:17'),
(8, 1, 8, '2025-11-21 15:53:17'),
(9, 1, 9, '2025-11-21 15:53:17'),
(10, 1, 10, '2025-11-21 15:53:17'),
(11, 1, 11, '2025-11-21 15:53:17'),
(12, 1, 12, '2025-11-21 15:53:17'),
(13, 1, 13, '2025-11-21 15:53:17'),
(14, 1, 14, '2025-11-21 15:53:17'),
(15, 1, 15, '2025-11-21 15:53:17'),
(16, 1, 16, '2025-11-21 15:53:17'),
(17, 1, 17, '2025-11-21 15:53:17'),
(18, 1, 18, '2025-11-21 15:53:17'),
(19, 1, 19, '2025-11-21 15:53:17'),
(20, 1, 20, '2025-11-21 15:53:17'),
(21, 1, 21, '2025-11-21 15:53:17'),
(22, 1, 22, '2025-11-21 15:53:17'),
(23, 1, 23, '2025-11-21 15:53:17'),
(24, 1, 24, '2025-11-21 15:53:17'),
(25, 1, 25, '2025-11-21 15:53:17'),
(26, 1, 26, '2025-11-21 15:53:17'),
(27, 1, 27, '2025-11-21 15:53:17'),
(28, 1, 28, '2025-11-21 15:53:17'),
(29, 1, 29, '2025-11-21 15:53:17'),
(30, 1, 30, '2025-11-21 15:53:17'),
(31, 1, 31, '2025-11-21 15:53:17'),
(32, 1, 32, '2025-11-21 15:53:17'),
(33, 1, 33, '2025-11-21 15:53:17'),
(34, 1, 34, '2025-11-21 15:53:17'),
(35, 1, 35, '2025-11-21 15:53:17'),
(36, 1, 36, '2025-11-21 15:53:17'),
(37, 1, 37, '2025-11-21 15:53:17'),
(38, 1, 38, '2025-11-21 15:53:17'),
(39, 1, 39, '2025-11-21 15:53:17'),
(40, 1, 40, '2025-11-21 15:53:17'),
(41, 2, 2, '2025-11-21 15:53:17'),
(42, 2, 4, '2025-11-21 15:53:17'),
(43, 2, 6, '2025-11-21 15:53:17'),
(44, 2, 8, '2025-11-21 15:53:17'),
(45, 2, 10, '2025-11-21 15:53:17'),
(46, 2, 12, '2025-11-21 15:53:17'),
(47, 2, 14, '2025-11-21 15:53:17'),
(48, 2, 16, '2025-11-21 15:53:17'),
(49, 2, 18, '2025-11-21 15:53:17'),
(50, 2, 20, '2025-11-21 15:53:17'),
(51, 3, 1, '2025-11-21 15:53:17'),
(52, 3, 3, '2025-11-21 15:53:17'),
(53, 3, 5, '2025-11-21 15:53:17'),
(54, 3, 7, '2025-11-21 15:53:17'),
(55, 3, 9, '2025-11-21 15:53:17'),
(56, 3, 11, '2025-11-21 15:53:17'),
(57, 3, 13, '2025-11-21 15:53:17'),
(58, 3, 15, '2025-11-21 15:53:17'),
(59, 3, 17, '2025-11-21 15:53:17'),
(60, 3, 19, '2025-11-21 15:53:17'),
(61, 4, 21, '2025-11-21 15:53:17'),
(62, 4, 22, '2025-11-21 15:53:17'),
(63, 4, 23, '2025-11-21 15:53:17'),
(64, 4, 24, '2025-11-21 15:53:17'),
(65, 4, 25, '2025-11-21 15:53:17'),
(66, 4, 26, '2025-11-21 15:53:17'),
(67, 4, 27, '2025-11-21 15:53:17'),
(68, 4, 28, '2025-11-21 15:53:17'),
(69, 4, 29, '2025-11-21 15:53:17'),
(70, 4, 30, '2025-11-21 15:53:17'),
(71, 5, 31, '2025-11-21 15:53:17'),
(72, 5, 32, '2025-11-21 15:53:17'),
(73, 5, 33, '2025-11-21 15:53:17'),
(74, 5, 34, '2025-11-21 15:53:17'),
(75, 5, 35, '2025-11-21 15:53:17'),
(76, 5, 36, '2025-11-21 15:53:17'),
(77, 5, 37, '2025-11-21 15:53:17'),
(78, 5, 38, '2025-11-21 15:53:17'),
(79, 5, 39, '2025-11-21 15:53:17'),
(80, 5, 40, '2025-11-21 15:53:17'),
(81, 6, 31, '2025-11-21 15:53:17'),
(82, 7, 31, '2025-11-21 15:53:17'),
(83, 8, 31, '2025-11-21 15:53:17'),
(84, 9, 31, '2025-11-21 15:53:17'),
(85, 6, 3, '2025-11-21 15:53:17'),
(86, 7, 3, '2025-11-21 15:53:17'),
(87, 8, 3, '2025-11-21 15:53:17'),
(88, 9, 27, '2025-11-21 15:53:17'),
(89, 10, 27, '2025-11-21 15:53:17'),
(90, 11, 20, '2025-11-21 15:53:17'),
(91, 12, 20, '2025-11-21 15:53:17');

-- --------------------------------------------------------

--
-- Table structure for table `Discussoes`
--

CREATE TABLE `Discussoes` (
  `ID` int(11) NOT NULL,
  `TITULO` varchar(255) NOT NULL,
  `CONTEUDO` text NOT NULL,
  `IMAGEM` varchar(255) DEFAULT NULL,
  `AUTOR_ID` int(11) NOT NULL,
  `DATA_POSTAGEM` datetime NOT NULL DEFAULT current_timestamp(),
  `DATA_EDICAO` datetime DEFAULT NULL ON UPDATE current_timestamp(),
  `CATEGORIA` varchar(100) DEFAULT NULL
) ENGINE=InnoDB DEFAULT CHARSET=utf8mb4 COLLATE=utf8mb4_general_ci;

--
-- Dumping data for table `Discussoes`
--

INSERT INTO `Discussoes` (`ID`, `TITULO`, `CONTEUDO`, `IMAGEM`, `AUTOR_ID`, `DATA_POSTAGEM`, `DATA_EDICAO`, `CATEGORIA`) VALUES
(1, 'Hollow Knight: Silksong - Ainda sai?', 'Sério, alguma notícia nova? Ou virou lenda? Todo evento é uma decepção.', NULL, 12, '2025-03-01 10:00:00', NULL, 'Noticias'),
(2, 'Stardew Valley ou Terraria?', 'Sei que são diferentes, mas qual vocês acham que prende mais hoje em dia?', NULL, 13, '2025-03-01 11:00:00', '2025-03-01 11:05:00', 'Opiniao'),
(3, 'Recomendações de Roguelites (sem ser Hades)', 'Já joguei Hades até cansar. O que mais tem de bom? Gosto de progressão.', 'images/roguelite.jpg', 14, '2025-03-02 12:00:00', NULL, 'Opiniao'),
(4, 'Devlog do nosso jogo \"Pixel Paws\" (Semana 1)', 'Começamos a arte do personagem principal, um gato mago. O que acham?', NULL, 15, '2025-03-03 13:00:00', NULL, 'Devlogs'),
(5, 'Vale a pena comprar o \"Palworld\"?', 'Vi que foi febre, mas e agora? O jogo ainda tem conteúdo ou foi só hype?', NULL, 16, '2025-03-04 14:00:00', NULL, 'Opiniao'),
(6, 'Melhor engine para um dev solo? (2D)', 'Estou na dúvida entre Godot e Unity. Quero algo rápido para prototipar.', NULL, 17, '2025-03-05 15:00:00', NULL, 'Devlogs'),
(7, 'Indicação de \"Metroidvania\" escondido', 'Quero uma joia rara, algo que não seja Hollow Knight ou Ori. Sugestões?', NULL, 18, '2025-03-06 16:00:00', NULL, 'Opiniao'),
(8, 'Erro ao exportar build da Godot (HELP!)', 'Meu jogo funciona perfeito no editor, mas o .exe exportado não abre. Alguém já viu?', 'images/godot_error.png', 19, '2025-03-07 17:00:00', NULL, 'Devlogs'),
(9, 'O que define um jogo \"Indie\"?', 'É só sobre o tamanho da equipe? Ou o orçamento? Ou a liberdade criativa?', NULL, 20, '2025-03-08 18:00:00', NULL, 'Opiniao'),
(10, 'Fui na BGS 2025 - Ala Indie (Discussão)', 'O que vocês acharam dos jogos brasileiros apresentados? Algum destaque?', NULL, 21, '2025-03-09 19:00:00', NULL, 'Eventos'),
(11, 'Como otimizar um jogo em Pixel Art (Unity)', 'Tenho muitos sprites e o jogo está com \"tearing\". Dicas de configuração?', NULL, 22, '2025-03-10 10:00:00', NULL, 'Devlogs'),
(12, 'Dúvida sobre \"Scope Creep\" em projeto solo', 'Comecei com um jogo simples e agora quero adicionar multiplayer, crafting... Como parar?', NULL, 23, '2025-03-11 11:00:00', '2025-03-11 11:10:00', 'Devlogs'),
(13, 'Melhor trilha sonora de jogo indie?', 'Para mim, é a de Celeste. Qual a favorita de vocês?', 'images/soundtrack.jpg', 24, '2025-03-12 12:00:00', NULL, 'Opiniao'),
(14, 'Steam Next Fest - O que vocês jogaram?', 'Baixei umas 10 demos. Destaque para o \"Echoes of the Void\". O que curtiram?', NULL, 25, '2025-03-13 13:00:00', NULL, 'Eventos'),
(15, 'Como começar a vender assets (Pixel Art)?', 'Quero fazer uma renda extra. Itch.io é o melhor lugar? Como precificar?', NULL, 26, '2025-03-14 14:00:00', NULL, 'Devlogs'),
(16, '\"Cult of the Lamb\" - Vale a pena a expansão?', 'A expansão gratuita \"Sins of the Flesh\" adiciona muito conteúdo?', NULL, 27, '2025-03-15 15:00:00', NULL, 'Opiniao'),
(17, 'Qual o melhor \"clone\" de Vampire Survivors?', 'O jogo criou um gênero. Qual o melhor sucessor? Brotato? Holocure?', NULL, 28, '2025-03-16 16:00:00', NULL, 'Opiniao'),
(18, 'Problema com física 2D no Godot 4', 'Meu CharacterBody2D está deslizando no chão. O que estou fazendo errado no GDScript?', NULL, 29, '2025-03-17 17:00:00', NULL, 'Devlogs'),
(19, 'Narrativa em jogos indies', 'Quais jogos indies têm as melhores histórias? (Ex: Undertale, Outer Wilds)', NULL, 30, '2025-03-18 18:00:00', NULL, 'Opiniao'),
(20, '\"Lethal Company\" - Por que fez tanto sucesso?', 'O jogo é simples, mas viciante. O que vocês acham que foi a chave?', NULL, 31, '2025-03-19 19:00:00', NULL, 'Opiniao'),
(21, 'Dicas de Game Jams (Primeira vez)', 'Vou participar da minha primeira Game Jam (Ludum Dare). Alguma dica?', NULL, 32, '2025-03-20 10:00:00', NULL, 'Eventos'),
(22, '\"Slay the Spire\" - Como passar o Ato 4?', 'Estou preso no Coração há semanas. Alguma dica de deck (Silenciosa)?', NULL, 33, '2025-03-21 11:00:00', '2025-03-21 11:15:00', 'Opiniao'),
(23, 'Melhor portátil para jogos indie?', 'Steam Deck, ROG Ally ou Switch? Foco é na biblioteca indie.', NULL, 34, '2025-03-22 12:00:00', NULL, 'Opiniao'),
(24, 'Como funciona o \"Early Access\" na Steam?', 'Estou pensando em lançar meu jogo em Acesso Antecipado. Quais os prós e contras?', NULL, 35, '2025-03-23 13:00:00', NULL, 'Devlogs'),
(25, 'O que é \"Juice\" em um jogo?', 'Sempre vejo esse termo (Ex: \"add more juice\"). O que significa na prática?', NULL, 36, '2025-03-24 14:00:00', NULL, 'Devlogs'),
(26, '\"Celeste\" é muito difícil ou eu que sou ruim?', 'Estou sofrendo nos Lados-B. É normal morrer 500 vezes numa tela?', NULL, 37, '2025-03-25 15:00:00', NULL, 'Opiniao'),
(27, 'Dúvida sobre Marketing (Wishlists)', 'Como conseguir mais wishlists na Steam antes do lançamento?', NULL, 38, '2025-03-26 16:00:00', NULL, 'Devlogs'),
(28, 'O que estudar para virar \"Game Designer\"?', 'Já sou dev, mas quero focar mais no design (mecânicas, loops). Por onde começo?', NULL, 39, '2025-03-27 17:00:00', NULL, 'Opiniao'),
(29, 'Qual o melhor \"Cozy Game\" recente?', 'Busco algo no estilo \"A Short Hike\" ou \"Unpacking\". Leve e relaxante.', NULL, 40, '2025-03-28 18:00:00', NULL, 'Opiniao'),
(30, 'Como funciona o \"Tilemap\" do Godot?', 'Estou apanhando para configurar a colisão. É melhor usar Autotile?', NULL, 1, '2025-03-29 19:00:00', NULL, 'Devlogs'),
(31, 'Dificuldade em terminar projetos (Dev Solo)', 'Pode parecer piada, mas em 5 anos eu nunca terminei um jogo. Como manter o foco?', 'images/sad_dev.png', 2, '2025-03-30 10:00:00', NULL, 'Devlogs'),
(32, 'Vaga de Dev de Jogos fora do Brasil (Remoto)', 'Quais plataformas vocês usam para achar vagas remotas (Unity/Unreal) que pagam em Dólar/Euro?', NULL, 3, '2025-03-31 11:00:00', NULL, 'Opiniao'),
(33, 'Networking em eventos de jogos (Ex: BIG Festival)', 'Sou dev introvertido. Como abordar estúdios e outros devs nesses eventos?', NULL, 4, '2025-04-01 12:00:00', NULL, 'Eventos'),
(34, 'Indicação de Cursos de Pixel Art para Devs', 'Quero melhorar minha arte. Algum curso focado em quem não sabe desenhar?', NULL, 5, '2025-04-02 13:00:00', NULL, 'Devlogs'),
(35, 'O que é \"Shader\"?', 'Vejo muito em vagas de gamedev. É muito difícil aprender? (Ex: Shader Graph no Unity)', NULL, 6, '2025-04-03 14:00:00', NULL, 'Devlogs'),
(36, 'Melhor \"Farming Sim\" (sem ser Stardew)', 'Já joguei Stardew. O que mais vale? Sun Haven? Roots of Pacha?', NULL, 7, '2025-04-04 15:00:00', NULL, 'Opiniao'),
(37, 'Como fazer testes (Playtesting) efetivos?', 'Como \"mockar\" uma chamada de API ou banco de dados no meu teste? (Usando Jest)', NULL, 8, '2025-04-05 16:00:00', NULL, 'Devlogs'),
(38, 'Dúvida: Publicadora ou Autopublicação?', 'Para um jogo indie pequeno, vale a pena buscar uma publicadora (Ex: Devolver, Annapurna)?', NULL, 9, '2025-04-06 17:00:00', NULL, 'Opiniao'),
(39, 'IA (ChatGPT/Midjourney) no Gamedev', 'Vocês usam IA para gerar assets, código ou narrativa? Ajuda ou atrapalha?', NULL, 10, '2025-04-07 18:00:00', NULL, 'Devlogs'),
(40, 'Por que meu \"Update\" roda em loop?', 'Coloquei uma função dentro do Update() no Unity e agora o jogo trava.', NULL, 11, '2025-04-08 19:00:00', NULL, 'Devlogs'),
(45, 'Teste', 'Teste', NULL, 43, '2025-11-27 09:29:38', NULL, 'Analises');

-- --------------------------------------------------------

--
-- Table structure for table `Posts`
--

CREATE TABLE `Posts` (
  `ID` int(11) NOT NULL,
  `TITULO` varchar(255) NOT NULL,
  `CONTEUDO` text NOT NULL,
  `IMAGEM` varchar(255) DEFAULT NULL,
  `IMAGEM_RECENT` varchar(255) DEFAULT NULL,
  `AUTOR_ID` int(11) NOT NULL,
  `DATA_POSTAGEM` datetime DEFAULT NULL ON UPDATE current_timestamp(),
  `CATEGORIA` varchar(255) DEFAULT NULL,
  `AVALIACAO` tinyint(4) DEFAULT NULL,
  `DATA_EDICAO` datetime DEFAULT NULL
) ENGINE=InnoDB DEFAULT CHARSET=utf8mb4 COLLATE=utf8mb4_general_ci;

--
-- Dumping data for table `Posts`
--

INSERT INTO `Posts` (`ID`, `TITULO`, `CONTEUDO`, `IMAGEM`, `IMAGEM_RECENT`, `AUTOR_ID`, `DATA_POSTAGEM`, `CATEGORIA`, `AVALIACAO`, `DATA_EDICAO`) VALUES
(1, 'Análise: Hades II (Acesso Antecipado)', 'Quando a Supergiant Games anunciou Hades II durante o The Game Awards, a comunidade gamer coletivamente prendeu a respiração. O primeiro jogo não foi apenas um sucesso comercial; foi um fenômeno cultural que redefiniu o que esperamos de um roguelike, misturando uma narrativa processual envolvente com uma jogabilidade de ação frenética e responsiva. A ideia de uma sequência direta — algo que a Supergiant nunca havia feito antes — gerou um misto de euforia e apreensão. Será que o raio poderia cair duas vezes no mesmo lugar? Agora, com o lançamento em Acesso Antecipado, podemos finalmente começar a responder a essa pergunta, e a resposta inicial é um retumbante e complexo \"sim\".\r\n\r\nDiferente de Zagreus, cujo objetivo era uma fuga desesperada e rebelde das profundezas do Tártaro para encontrar sua mãe, a nova protagonista, Melinoë, tem uma missão muito mais militar e vingativa. Ela é a Princesa do Submundo, treinada nas artes da bruxaria, e seu objetivo é invadir os domínios de Chronos, o Titã do Tempo, para salvar sua família. Essa mudança de \"fuga\" para \"invasão\" altera fundamentalmente o tom da narrativa e do design de som. Onde Hades era sobre angústia adolescente e descoberta, Hades II é sobre guerra, dever e magia ancestral. A atmosfera é mais sombria, as cores transitam do vermelho sangue para o verde espectral e roxo místico, e a trilha sonora de Darren Korb incorpora instrumentos mais antigos e vocais etéreos que evocam rituais de bruxas.\r\n\r\nMecanicamente, a introdução do sistema de Magick (Mana) é a maior revolução. Melinoë não é apenas uma guerreira; ela é uma feiticeira. Seus ataques podem ser carregados para realizar \"Omega Moves\", versões devastadoras que consomem mana. Isso adiciona uma camada estratégica profunda que não existia no original. No primeiro jogo, você podia muitas vezes \"spammear\" o ataque básico e a esquiva para vencer. Aqui, você precisa gerenciar seus recursos, decidir o momento exato de canalizar um feitiço de área para controle de multidão e posicionar-se com precisão cirúrgica. As Bênçãos (Boons) dos deuses retornam, mas com novos rostos como Apolo (focado em luz e cegueira) e Héstia (fogo e queimadura), trazendo sinergias inéditas.\r\n\r\nO estado atual do Acesso Antecipado é surpreendentemente polido, com mais conteúdo do que muitos jogos completos. Já existem múltiplos biomas, dezenas de inimigos únicos e uma quantidade robusta de diálogos que expandem a lore da mitologia grega de formas criativas. Claro, o balanceamento ainda está sendo ajustado — alguns chefes parecem ter picos de dificuldade injustos e certas armas precisam de buffs — mas isso é esperado. Se o histórico da Supergiant servir de indicativo, Hades II não será apenas uma sequência digna, mas um novo padrão ouro para o gênero, provando que algumas histórias merecem, sim, ser continuadas.', 'assets/images/default.png', 'assets/images/default_recents.png', 1, '2025-11-22 23:59:17', 'Analises', 5, NULL),
(2, 'Prévia: \"Haunted Chocolatier\"', 'Eric Barone, conhecido mundialmente pelo pseudônimo ConcernedApe, carrega um peso que poucos desenvolvedores conseguem compreender. Após criar Stardew Valley, um dos jogos independentes mais amados, influentes e financeiramente bem-sucedidos de todos os tempos — e fazer isso praticamente sozinho —, a expectativa para seu próximo projeto é astronômica. Quando \"Haunted Chocolatier\" foi anunciado, muitos esperavam uma sequência direta de fazenda. O que recebemos, no entanto, foi algo familiar, mas decididamente mais estranho e focado em ação. Tivemos a oportunidade de analisar a demo e todas as informações divulgadas até agora, e a primeira impressão é que este não é apenas um \"Stardew Valley 2.0\". É uma evolução criativa que abraça o fantástico.\r\n\r\nEnquanto Stardew Valley focava na humildade da vida no campo, na conexão com a terra e na reconstrução de laços comunitários através da agricultura, Haunted Chocolatier nos coloca no papel de um chocolatier vivendo em um castelo assombrado gótico. O loop de jogabilidade se divide em duas partes distintas e interconectadas: a coleta de ingredientes e o gerenciamento da loja. A coleta envolve atravessar portais mágicos dentro do castelo que levam a terras estranhas e perigosas, onde o combate é muito mais central do que jamais foi na vida do fazendeiro. Há um foco renovado em escudos, atordoamentos (stun) e esquivas precisas, sugerindo que Barone quer que os jogadores se sintam desafiados pelas mecânicas de ação, não apenas relaxados por elas.\r\n\r\nA segunda metade do jogo, o gerenciamento, lembra clássicos de nicho como Recettear. Você usa ingredientes bizarros — como \"néctar de fantasma\" ou cacau de outro mundo — para criar chocolates com diferentes atributos e sabores. A loja é gerenciada com a ajuda de fantasmas fofos (que funcionam como os Junimos deste jogo), e você precisa decorar o ambiente, organizar o layout e atender os desejos dos cidadãos da nova cidade.\r\n\r\nO estilo de arte, embora mantenha a pixel art característica que os fãs adoram, parece mais rico, detalhado e atmosférico. A iluminação é mais dinâmica, criando sombras que dançam nas paredes do castelo, e a vibe geral é o que poderíamos chamar de \"cozy-spooky\" (aconchegante e assustadora), perfeita para quem ama a estética do Halloween o ano todo. Ainda não temos uma data de lançamento, e Barone é famoso por levar o tempo que for necessário para polir cada pixel, mas Haunted Chocolatier promete expandir o universo criativo do desenvolvedor. Ele está provando que não é um \"one-hit wonder\", mas sim um autor com uma visão única que sabe exatamente como misturar o mundano com o mágico.', 'assets/images/default.png', 'assets/images/default_recents.png', 3, '2025-11-22 23:59:17', 'Previas', 5, NULL),
(3, 'Notícia: \"Silksong\" ganha página na Steam', 'A saga de Hollow Knight: Silksong já transcendeu o status de simples desenvolvimento de jogo para se tornar uma lenda moderna, e às vezes dolorosa, na indústria de videogames. Anunciado originalmente em 2019 como uma DLC para o aclamado Hollow Knight, o projeto cresceu organicamente em escopo até se tornar uma sequência completa e massiva. Anos de silêncio de rádio quase total da Team Cherry transformaram o jogo no \"Santo Graal\" dos eventos digitais. A cada Nintendo Direct ou Xbox Showcase, o chat é inundado por pedidos de notícias, e a decepção subsequente virou um meme recorrente. Mas recentemente, algo mudou: a página da loja na Steam e na Xbox Store foi atualizada, e classificações indicativas surgiram em países como a Coreia e Austrália.\r\n\r\nPara quem acompanha os bastidores da indústria, esses sinais são vitais. Historicamente, a classificação etária é um dos últimos passos burocráticos antes do lançamento de um produto. Isso sugere fortemente que o conteúdo do jogo está \"feature complete\", ou seja, o jogo está pronto do início ao fim e está passando pela fase crucial de polimento, correção de bugs e portabilidade. A atualização dos metadados nas lojas digitais indica que a máquina de marketing está, muito lentamente, começando a aquecer seus motores.\r\n\r\nMas o que esperar do jogo em si, além do hype? Silksong troca o Cavaleiro silencioso e estoico por Hornet, a protetora letal de Hallownest. Hornet é maior na tela, muito mais rápida e capaz de falar, o que muda a dinâmica da narrativa. O gameplay promete ser significativamente mais vertical e acrobático. Enquanto o primeiro jogo era sobre descer nas profundezas claustrofóbicas de um reino morto, Silksong se passa no reino de Pharloom, onde o objetivo é ascender até uma cidadela brilhante no topo.\r\n\r\nO sistema de cura foi alterado para ser instantâneo (ao contrário do foco lento do primeiro jogo), mas consome seda, um recurso que você ganha ao atacar. O sistema de amuletos foi substituído por ferramentas e cristas que podem ser criadas. A pressão sobre a Team Cherry é imensa; Hollow Knight é frequentemente citado como o melhor Metroidvania de todos os tempos. Superar essa marca parece impossível. No entanto, o tempo de desenvolvimento estendido sugere que eles não estão apenas fazendo \"mais do mesmo\", mas tentando inovar e polir cada interação. Se a espera de cinco anos resultar em um jogo com a mesma qualidade atemporal do original, ninguém se lembrará dos atrasos. Apenas jogaremos.', 'assets/images/default.png', 'assets/images/default_recents.png', 5, '2025-11-22 23:59:17', 'Noticias', 5, NULL),
(4, 'Devlog: Criando um \"clone\" de Vampire Survivors', 'Bem-vindos ao primeiro devlog oficial do nosso novo projeto, que por enquanto estamos chamando provisoriamente de \"Bullet Heaven Project\". Como muitos desenvolvedores indies ao redor do mundo, fomos completamente capturados e consumidos pelo vício de Vampire Survivors no ano passado. A genialidade da simplicidade de seu design — onde o jogador apenas move o personagem enquanto os ataques são disparados automaticamente — esconde uma profundidade matemática e de progressão fascinante. Decidimos, então, criar nossa própria versão desse gênero emergente (\"Survivor-like\" ou \"Bullet Heaven\"), mas com algumas reviravoltas técnicas e de design para nos diferenciarmos no mercado.\r\n\r\nNesta primeira semana, o foco da equipe foi puramente arquitetural e de engenharia de software. O maior desafio técnico de um jogo desse estilo é, sem dúvida, a performance. A fantasia de poder do gênero exige que renderizemos centenas, talvez milhares de inimigos na tela simultaneamente, sem que a taxa de quadros (FPS) caia para um dígito, o que tornaria o jogo injogável. Para enfrentar esse desafio, decidimos migrar para a Godot Engine 4.3, aproveitando as melhorias do servidor de renderização Vulkan e o suporte a multithreading. Estamos implementando um sistema de \"Object Pooling\" extremamente agressivo. Em vez de criar e destruir inimigos (o que aloca e desaloca memória constantemente, causando engasgos), nós instanciamos tudo no início e apenas ativamos/desativamos os objetos conforme necessário.\r\n\r\nOutro ponto crucial foi a separação total da lógica e da visualização. A lógica do jogo — cálculos de colisão, dano, inteligência artificial básica — roda em uma thread separada da renderização gráfica. Isso garante que a física do jogo continue rodando suavemente mesmo se a placa de vídeo estiver sofrendo para desenhar tantas partículas. Também começamos a prototipar o sistema de armas com uma novidade: interações elementais. Diferente de Vampire Survivors, onde as armas funcionam de forma isolada, queremos combos. Por exemplo, se você tiver uma arma de água que molha os inimigos e pegar uma habilidade elétrica, o dano se propagará em cadeia entre todos os inimigos molhados.\r\n\r\nVisualmente, estamos optando por um estilo 1-bit (preto e branco puros) por duas razões: manter o escopo da arte gerenciável para nossa equipe pequena e garantir a legibilidade no caos da batalha. Sprites coloridos muitas vezes se tornam uma bagunça visual ilegível quando há 500 unidades na tela. O alto contraste deve ajudar o jogador a \"ler\" o jogo instantaneamente. Na próxima semana, vamos focar na árvore de evoluções e nos primeiros chefes.', 'assets/images/default.png', 'assets/images/default_recents.png', 2, '2025-11-22 23:59:17', 'Devlogs', 4, NULL),
(5, 'Opinião: Por que \"Outer Wilds\" é uma obra-prima', 'É incrivelmente difícil falar sobre Outer Wilds sem estragar a experiência, pois o conhecimento é, literalmente, a única forma de progressão no jogo. Não há níveis para subir, espadas para melhorar ou habilidades para desbloquear. No entanto, anos após seu lançamento original, é seguro dizer que a obra-prima da Mobius Digital se estabeleceu como uma das experiências mais importantes e transformadoras da história da mídia interativa. Não é apenas um jogo sobre exploração espacial e física newtoniana; é uma meditação profunda e interativa sobre a curiosidade humana, o existencialismo e a aceitação serena do fim inevitável de todas as coisas.\r\n\r\nAo contrário de outros jogos de mundo aberto modernos que enchem o mapa de marcadores, ícones de missões, setas de GPS e listas de tarefas infinitas, Outer Wilds te dá apenas uma nave de madeira precária e um sistema solar em miniatura, feito à mão, que opera em um loop temporal implacável de 22 minutos. O jogo confia plenamente na inteligência e na curiosidade do jogador. Ele não segura sua mão em momento algum. Você vê um planeta coberto de água com tornados gigantes lançando ilhas ao espaço? Vá lá e descubra o que tem dentro. Vê um par de planetas orbitando tão perto que a areia flui de um para o outro como uma ampulheta cósmica? Tente pousar sem ser esmagado.\r\n\r\nO verdadeiro brilho do design está em como cada descoberta é uma peça de um quebra-cabeça narrativo gigante que abrange a história de uma civilização extinta, os Nomai. Ler os textos que eles deixaram nas paredes não dá XP; dá entendimento. Você aprende como entrar em lugares que antes pareciam inacessíveis não porque encontrou uma chave colorida, mas porque aprendeu a regra física quântica que rege aquele local. Essa sensação de \"epifania\" constante é recompensadora de uma forma que barras de progresso artificiais nunca conseguirão ser.\r\n\r\nE então, há o final. Sem entrar em spoilers, o desfecho de Outer Wilds é uma das sequências mais emotivas, visualmente deslumbrantes e filosoficamente ricas já criadas em um videogame. Acompanhada pela trilha sonora magistral de Andrew Prahlow, que mistura a simplicidade do banjo com a vastidão dos sintetizadores, a conclusão amarra todos os temas do jogo em um momento de beleza catártica. Outer Wilds nos ensina que, embora tudo tenha um fim — seja um universo, uma vida ou um loop de 22 minutos —, a jornada de descoberta, o ato de assar marshmallows e as conexões que fazemos ao redor da fogueira são o que realmente importa.', 'assets/images/default.png', 'assets/images/default_recents.png', 7, '2025-11-22 23:59:17', 'Opiniao', 5, NULL),
(6, 'Notícia: Godot 4.3 é lançada com melhorias de performance', 'A Godot Engine continua sua trajetória meteórica e ascendente no mundo do desenvolvimento de jogos, consolidando-se cada vez mais como a principal alternativa open-source e gratuita às gigantes Unity e Unreal. O lançamento oficial da versão 4.3 traz uma série de melhorias de qualidade de vida que eram aguardadas há muito tempo pela comunidade, além de otimizações críticas no pipeline de renderização que prometem mudar o jogo para projetos 2D e 3D. Para desenvolvedores indies, essas mudanças significam fluxos de trabalho mais rápidos, menos dores de cabeça com importação de arquivos e, o mais importante, jogos finais mais performáticos para o usuário.\r\n\r\nUma das principais novidades técnicas é a revisão completa no sistema de importação de FBX e glTF. Trabalhar com assets 3D vindos do Blender ou Maya sempre foi um ponto de atrito na Godot, com animações quebrando ou materiais não aparecendo corretamente após a importação. A versão 4.3 introduz um fluxo de trabalho muito mais robusto e estável, permitindo iterações rápidas entre a modelagem e a engine sem a necessidade de plugins externos complexos. Além disso, o editor de scripts GDScript recebeu melhorias significativas no autocomplete e na análise estática, ajudando a prevenir bugs comuns antes mesmo de o desenvolvedor rodar o jogo pela primeira vez.\r\n\r\nNa parte gráfica, o renderizador \"Forward+\" foi otimizado para lidar melhor com luzes dinâmicas e sombras em tempo real, reduzindo drasticamente o custo de GPU em cenas complexas. Isso é vital para jogos que buscam um visual mais \"high-end\" sem sacrificar a performance em máquinas mais modestas. Para os desenvolvedores 2D, que compõem uma grande parte da base de usuários da Godot, o sistema de Tilemaps — que foi completamente refeito na versão 4.0 e causou alguma confusão inicial — recebeu novos ajustes de interface e usabilidade para tornar a criação de camadas de colisão, navegação e física muito mais intuitiva e menos propensa a erros de clique.\r\n\r\nO que torna a Godot 4.3 tão importante não é apenas a tecnologia, mas o momento do mercado. Após as controvérsias de preços e quebra de confiança da Unity no ano passado, muitos estúdios migraram ou começaram a considerar seriamente a Godot como sua ferramenta principal. Atualizações consistentes, sólidas e focadas no usuário como essa mostram que a engine está amadurecendo rapidamente e está pronta para produções comerciais de médio e grande porte. Com jogos de sucesso massivo como \"Brotato\" e \"Cassette Beasts\" sendo feitos inteiramente na engine, o futuro da Godot parece brilhante, e a versão 4.3 é mais um degrau firme nessa escada de evolução.', 'assets/images/default.png', 'assets/images/default_recents.png', 10, '2025-11-23 00:00:25', 'Noticias', 4, NULL),
(7, 'Análise: \"Balatro\" - O vício do Pôquer Roguelike', 'Quem diria que um dos jogos mais viciantes, comentados e perigosos para a produtividade do ano seria um simulador de pôquer onde você deve trapacear descaradamente para vencer? \"Balatro\" pegou o mundo indie completamente de surpresa. À primeira vista, ele parece um jogo de cartas simples e despretensioso. Mas, em poucos minutos de jogo, ele revela sua verdadeira e aterrorizante natureza: é um \"roguelike de construção de baralho\" (deckbuilder) disfarçado, onde o pôquer é apenas a mecânica base familiar para um sistema de sinergias insano e números que sobem exponencialmente até quebrar a tela.\r\n\r\nA genialidade do design de Balatro reside nos seus \"Coringas\" (Jokers). Existem 150 deles para coletar, e cada um altera as regras fundamentais do jogo de maneiras únicas. Um coringa pode dar multiplicadores de pontuação se você jogar apenas cartas de Copas. Outro pode dar dinheiro extra se você descartar cartas altas. Outro ainda pode copiar a habilidade do coringa ao lado, dobrando o efeito. A estratégia, portanto, não é fazer a melhor mão de pôquer tradicional (como um Royal Flush), mas sim construir uma máquina de pontuação eficiente usando seus coringas, cartas de tarô que modificam o baralho e cartas de planeta que aumentam o nível das mãos.\r\n\r\nO jogo é um mestre absoluto em feedback visual e sonoro, o famoso \"game feel\". O som crocante das fichas sendo contadas, o efeito de fogo quando você consegue uma pontuação alta (\"Mult!\"), a música hipnótica e sintetizada... tudo é desenhado meticulosamente para criar um estado de fluxo no cérebro do jogador. É o que chamamos de \"juice\" no game design, e Balatro é extremamente \"suculento\". Diferentemente de jogos de azar reais e predatórios, aqui a casa não ganha sempre; o jogador ganha se for esperto o suficiente para quebrar a matemática do jogo a seu favor.\r\n\r\nNo entanto, como todo roguelike, o fator sorte (RNG) existe e pode ser frustrante. Em algumas \"runs\", você simplesmente não encontra os coringas necessários para escalar sua pontuação nos \"antes\" (fases) finais, resultando em uma derrota inevitável. Mas a duração curta das partidas (15 a 30 minutos) mitiga quase totalmente essa frustração. Você perde, respira fundo, aperta \"Novo Jogo\" e tenta de novo. Balatro é um triunfo do design minimalista, uma aula de como reinventar mecânicas antigas e, sem dúvida, um forte candidato a Jogo do Ano na categoria indie.', 'assets/images/default.png', 'assets/images/default_recents.png', 1, '2025-11-23 00:00:25', 'Analises', 5, NULL),
(8, 'Entrevista com os criadores de \"Chants of Sennaar\"', 'Recentemente, tivemos o imenso prazer de sentar (virtualmente) com a equipe criativa do estúdio Rundisc para discutir o processo de design por trás de \"Chants of Sennaar\", um jogo que transformou a linguística e a antropologia em uma mecânica de puzzle fascinante e acessível. Inspirado livremente no mito bíblico da Torre de Babel, o jogo pede que o jogador decifre línguas totalmente desconhecidas apenas através da observação, do contexto social e da dedução lógica pura, sem nenhum combate ou tutorial explicativo.\r\n\r\n\"A ideia central surgiu da nossa vontade de criar um jogo onde o jogador se sentisse um estranho completo em uma terra estranha, mas sem usar a violência ou o conflito direto como forma de interação\", explicou o diretor de arte do projeto. \"A barreira da língua é um conflito muito real no nosso mundo, e superá-la gera uma conexão humana genuína e poderosa. Queríamos capturar esse momento exato de compreensão, o clique mental de quando você finalmente entende o que o outro quer dizer.\" A equipe explicou detalhadamente como criaram os glifos para o jogo. Eles não são rabiscos aleatórios; cada língua no jogo tem sua própria gramática, sintaxe e vocabulário baseados na cultura do povo que a fala. Os guerreiros têm uma linguagem dura, imperativa e objetiva; os alquimistas, uma mais complexa, ramificada e científica.\r\n\r\nPerguntamos sobre a dificuldade de balancear os quebra-cabeças para não frustrar o jogador médio. \"Foi, sem dúvida, o maior desafio do desenvolvimento. Se fosse fácil demais, não haveria satisfação na descoberta. Se fosse difícil demais, o jogador desistiria e se sentiria burro. O diário do personagem, que desenha conexões e valida quando o jogador acerta o significado de um glifo, foi a ferramenta vital que encontramos para guiar o progresso de forma orgânica sem dar a resposta direta.\"\r\n\r\nA estética do jogo, com suas cores vibrantes, sombras fortes e arquitetura inspirada nos traços do lendário Moebius e na arquitetura brutalista, também foi um tópico central da conversa. Eles queriam que a Torre parecesse antiga, colossal, mas ao mesmo tempo atemporal e alienígena. Chants of Sennaar é um exemplo brilhante e raro de como os videogames podem explorar temas acadêmicos complexos como linguística e sociologia de forma lúdica. É uma prova de que a curiosidade intelectual pode ser tão emocionante e cheia de adrenalina quanto qualquer batalha contra chefes.', 'assets/images/default.png', 'assets/images/default_recents.png', 3, '2025-11-23 00:00:25', 'Entrevistas', 4, NULL),
(9, 'Cobertura: BIG Festival 2025', 'O BIG Festival 2025 (que agora faz parte da expansão da Gamescom Latam) provou mais uma vez, se é que ainda restava alguma dúvida, porque é o epicentro absoluto do desenvolvimento de jogos na América Latina. Caminhar pelos corredores lotados e vibrantes do evento foi testemunhar a maturação visível da indústria brasileira de games. Não estamos mais na era de apenas fazer \"joguinhos simples\" ou clones de sucessos móveis; estamos produzindo experiências complexas, narrativas profundas e inovações técnicas que competem de igual para igual no palco global.\r\n\r\nUm dos grandes destaques do showfloor foi a área do Panorama Brasil. Jogos como \"RUiN\", um RPG tático com uma estética cyberpunk brasileira única, atraíram filas constantes e elogios pela direção de arte. Outro favorito absoluto do público foi \"Bagdex\", o carinhosamente apelidado \"Pokémon brasileiro\", que mostrou uma demo polida, divertida e cheia de carisma, provando que o hype gerado na internet pode sim se traduzir em um produto sólido e comercialmente viável. A diversidade de gêneros apresentada também impressionou: vimos de tudo, desde horror folclórico e simuladores de gerenciamento até metroidvanias precisos e visual novels emocionantes.\r\n\r\nAlém dos jogos em exposição, as áreas de palestras de negócios (B2B) estavam movimentadas como nunca. Investidores internacionais, olheiros e grandes publishers como Devolver Digital, Raw Fury e Team17 estavam presentes fisicamente, buscando ativamente o próximo grande hit latino. Conversamos com vários desenvolvedores nos corredores que relataram um interesse crescente e genuíno do mercado externo na criatividade brasileira, especialmente em nossa capacidade única de criar arte vibrante e contar histórias diversas.\r\n\r\nNo entanto, nem tudo são flores e celebração. O sentimento geral entre os devs indie é também de cautela, devido à crise global de investimentos e às ondas de demissões em massa que assolaram a indústria tech recentemente. O financiamento está mais escasso e criterioso, exigindo que os estúdios sejam muito mais profissionais, organizados e estratégicos em seus pitches. O BIG Festival serviu como um lembrete vital: temos o talento bruto e a criatividade de sobra, mas precisamos continuar profissionalizando nossa gestão e marketing para garantir que nossos jogos sobrevivam e cheguem ao público que merecem.', 'assets/images/default.png', 'assets/images/default_recents.png', 8, '2025-11-23 00:00:25', 'Eventos', 4, NULL),
(10, 'Opinião: O mercado de \"Cozy Games\" está saturado?', 'O gênero \"Cozy Game\" (jogos aconchegantes e relaxantes) explodiu de forma inegável nos últimos anos. O que antes era um nicho específico dominado quase exclusivamente por gigantes como Animal Crossing e Harvest Moon, tornou-se uma verdadeira avalanche de lançamentos semanais na Steam e no Switch. Mas será que estamos atingindo um ponto crítico de saturação? Ao navegar pela loja da Steam hoje, é impossível não notar a repetição exaustiva de padrões: centenas de jogos com gráficos em pixel art pastel, mecânicas de fazenda, pesca, mineração e romance com NPCs, todos prometendo ser a \"fuga relaxante perfeita\" da realidade.\r\n\r\nO problema central não é a quantidade de jogos — concorrência é saudável —, mas a falta alarmante de inovação dentro do gênero. Muitos desses novos títulos parecem estar seguindo cegamente uma lista de verificação (checklist) criada pelo sucesso estrondoso de Stardew Valley, sem entender o que realmente fez aquele jogo ser especial. Stardew tinha alma; tinha personagens com problemas reais e adultos, como alcoolismo, estresse pós-traumático e depressão, escondidos sob a estética fofa. Muitos dos \"clones\" atuais oferecem apenas a estética superficial, sem a substância narrativa ou a profundidade mecânica que prende o jogador.\r\n\r\nIsso cria uma sensação de fadiga rápida no jogador. Começamos um novo jogo de fazenda, plantamos as primeiras pastinacas, conhecemos os vizinhos estereotipados e, em duas horas, sentimos que já jogamos aquilo mil vezes antes. O termo \"Cozy\" está correndo o sério risco de se tornar sinônimo de \"genérico\", \"raso\" ou \"preguiçoso\".\r\n\r\nFelizmente, há exceções brilhantes que mostram para onde o gênero pode e deve evoluir. Jogos como \"Unpacking\" focam na narrativa ambiental silenciosa. \"Spiritfarer\" aborda temas pesados como a morte e o luto de forma acolhedora e colorida. \"Dave the Diver\" mistura gerenciamento de restaurante com ação e humor absurdo. O futuro dos Cozy Games precisa estar na subversão da expectativa. Precisamos de jogos que sejam relaxantes, sim, mas que também tenham algo novo a dizer, mecânicas que surpreendam ou cenários que fujam da velha \"cidadezinha rural herdada do avô\". Menos cópia, mais criatividade e ousadia.', 'assets/images/default.png', 'assets/images/default_recents.png', 9, '2025-11-23 00:00:25', 'Opiniao', 5, NULL),
(11, 'Devlog: A importância do \"Game Feel\"', 'Hoje vamos mergulhar fundo em um conceito muitas vezes invisível para os jogadores, mas absolutamente essencial para nós, desenvolvedores: o \"Game Feel\" (ou \"Juice\"). Você já jogou algo que parecia mecanicamente correto, mas \"travado\", \"sem vida\" ou \"sem peso\"? Isso é, quase sempre, falta de Game Feel. No nosso projeto, dedicamos a última semana inteira não a criar novos conteúdos, mas a polir as interações básicas para garantir que o jogador sinta prazer e responsividade em cada ação, por menor que seja, como um simples pulo ou ataque.\r\n\r\nO primeiro passo dessa \"faxina\" foi implementar o \"Screen Shake\" (tremor de tela). Quando o personagem ataca um inimigo ou recebe dano, a câmera treme levemente e rapidamente. Isso ajuda a transferir o impacto da ação virtual para o jogador físico. Mas é preciso cuidado: tremor demais causa náusea e confusão visual. Passamos dias ajustando a intensidade, a duração e a direção para ser algo sutil, quase subconsciente, mas perceptível. Também implementamos o \"Hit Stop\" (ou Freeze Frame). Quando um golpe conecta no inimigo, o jogo congela completamente por uma fração de segundo (cerca de 0.1s a 0.15s). Isso acentua drasticamente o impacto, dando a sensação tátil de que o golpe foi \"pesado\" e encontrou resistência.\r\n\r\nOutro elemento crucial, muitas vezes ignorado por iniciantes, são as partículas e o feedback sonoro. Adicionamos nuvens de poeira subindo quando o personagem corre, muda de direção bruscamente ou aterrissa de um pulo alto. Sons de passos agora variam dependendo do terreno (grama, pedra, madeira, água). Pode parecer apenas um detalhe estético, mas o cérebro humano nota a ausência dessas coisas, o que quebra a imersão.\r\n\r\nPor fim, trabalhamos na resposta dos controles, especificamente no \"Input Buffering\" e no \"Coyote Time\". Jogos de plataforma precisam ser responsivos, não realistas. O \"Coyote Time\" é aquela fração de segundo (inspirada no Wile E. Coyote do desenho animado) onde o jogo permite que você pule mesmo depois de ter saído fisicamente da borda da plataforma. Isso evita a frustração comum de o jogador sentir que apertou o botão no tempo certo, mas o personagem caiu para a morte. O Game Feel é a soma dessas centenas de \"pequenas mentiras\" que contamos ao jogador para fazer o controle parecer uma extensão natural da mente dele. O jogo deixou de parecer um protótipo frio e começou a parecer um produto comercial real.', 'assets/images/default.png', 'assets/images/default_recents.png', 4, '2025-11-23 00:02:31', 'Devlogs', 5, NULL),
(12, 'Prévia: \"Neva\" - Dos criadores de GRIS', 'Dos criadores do aclamado e visualmente deslumbrante \"GRIS\", a Nomada Studio retorna aos holofotes com \"Neva\", e a expectativa não poderia ser maior. Tivemos acesso exclusivo a uma prévia de 30 minutos de gameplay e podemos confirmar: a magia artística continua intacta. Assim como seu antecessor, Neva parece uma pintura em aquarela viva e em movimento, mas desta vez, a serenidade melancólica dá lugar a uma tensão palpável e a um mundo muito mais perigoso.\r\n\r\nA história segue Alba, uma jovem guerreira, e seu vínculo vitalício com um lobo magnífico, enquanto viajam por um mundo que está morrendo rapidamente, consumido por forças sombrias. Ao contrário de GRIS, que era puramente focado em plataforma, exploração e puzzles sem perigo real de morte, Neva introduz um sistema de combate completo. Alba usa uma espada ágil e o lobo auxilia nas batalhas contra criaturas grotescas e corrompidas. A animação é fluida a um nível cinematográfico; cada quadro do jogo poderia ser facilmente um papel de parede de alta resolução.\r\n\r\nO tema central da narrativa parece ser a relação parental, o crescimento e a inevitabilidade da perda. O lobo começa a jornada pequeno, filhote e vulnerável, exigindo proteção constante da jogadora. No entanto, ao longo da jornada (e das estações do ano que mudam no jogo), ele cresce para se tornar um protetor feroz e independente, e a dinâmica de jogabilidade evolui junto com essa narrativa visual. Você deixa de ser a protetora para se tornar a parceira. É uma metáfora visual poderosa sobre criar filhos e vê-los enfrentar o mundo sozinhos.\r\n\r\nA trilha sonora, composta novamente pelo grupo Berlinist, promete ser tão impactante quanto a de GRIS, misturando melodias delicadas com momentos de tensão orquestral durante os combates. Se GRIS foi uma jornada introspectiva sobre lidar com o luto pessoal e a depressão, Neva parece ser sobre enfrentar um mundo externo hostil com a ajuda daqueles que amamos, e sobre aprender a dizer adeus quando o momento chegar. Preparem os lencinhos, pois tudo indica que será mais uma montanha-russa emocional inesquecível.', 'assets/images/default.png', 'assets/images/default_recents.png', 5, '2025-11-23 00:02:31', 'Previas', 5, NULL),
(13, 'Notícia: \"Sea of Stars\" anuncia modo cooperativo', 'Sea of Stars, o RPG retro inspirado em clássicos da era 16-bits como Chrono Trigger e Super Mario RPG, e vencedor merecido do prêmio de Melhor Jogo Indie no The Game Awards 2023, continua recebendo um suporte exemplar do Sabotage Studio. A grande novidade da vez, anunciada para surpresa de todos, é a confirmação de um modo cooperativo local para três jogadores, que os desenvolvedores estão apelidando carinhosamente de \"Single Player +\".\r\n\r\nA atualização gratuita permitirá que três amigos controlem os protagonistas Zale, Valere e Garl simultaneamente durante a exploração do mundo e, o mais importante, durante o combate. O sistema de batalha do jogo, que já é focado fortemente em \"timing\" (apertar botões no momento exato da animação para defender ataques ou aumentar o dano causado), deve se tornar ainda mais caótico, divertido e estratégico com três pessoas tentando sincronizar suas ações no sofá. O estúdio revelou que uma nova mecânica de \"Timed Hits\" cooperativos está sendo desenvolvida especificamente para este modo, permitindo combos conjuntos.\r\n\r\nEmbora o jogo tenha sido desenhado originalmente como uma experiência solo clássica, a adição do coop é uma homenagem nostálgica aos tempos de alugar fitas na locadora e jogar RPGs como \"Secret of Mana\" ou \"Final Fantasy VI\" (no modo de controle dividido) com amigos ou irmãos. Além disso, a atualização promete manter a integridade da história e dos puzzles, adaptando a câmera e a interface para acomodar múltiplos jogadores sem confusão.\r\n\r\nParalelamente a isso, o estúdio também está trabalhando a todo vapor na DLC paga intitulada \"Throes of the Watchmaker\". Esta expansão promete adicionar uma nova área completa ao mapa, expandir a lore sobre o misterioso relojoeiro e possivelmente trazer novas classes ou habilidades para os heróis. Sea of Stars é a prova viva de que o pixel art e o design clássico de JRPGs não são apenas nostalgia barata; quando executados com paixão e modernidade, eles ainda têm um lugar cativo e vibrante no coração dos jogadores modernos.', 'assets/images/default.png', 'assets/images/default_recents.png', 7, '2025-11-23 00:02:31', 'Noticias', 4, NULL),
(14, 'Análise: \"Another Crab\'s Treasure\"', 'Um jogo estilo \"Soulslike\" onde você controla um caranguejo eremita fofinho usando lixo humano como concha? \"Another Crab\'s Treasure\" soa, no papel, como uma piada elaborada de primeiro de abril ou um jogo de meme descartável. No entanto, após jogar do início ao fim, fica claro que este é um dos jogos mais competentes, criativos e surpreendentes do gênero lançados recentemente. A desenvolvedora Aggro Crab conseguiu criar um mundo subaquático vibrante, mas decadente, poluído pelo lixo da humanidade, que serve tanto de cenário narrativo quanto de mecânica central de gameplay.\r\n\r\nO sistema de combate gira inteiramente em torno das conchas improvisadas. Como Kril, o caranguejo protagonista, você pode equipar latas de refrigerante vazias, xícaras de café, bolas de tênis, dedais e dezenas de outros detritos que encontra no fundo do mar. Cada \"concha\" tem estatísticas próprias de defesa, peso e, mais importante, habilidades especiais mágicas chamadas de \"Umami\". As conchas quebram permanentemente com o dano recebido, forçando o jogador a estar sempre improvisando, correndo riscos e trocando de equipamento no meio do calor da batalha. É uma versão mais agressiva, dinâmica e cômica da fórmula estabelecida por Dark Souls.\r\n\r\nApesar do visual colorido, dos personagens carismáticos e dos diálogos genuinamente engraçados e cheios de trocadilhos marinhos, o jogo não é fácil. Os chefes são brutais, agressivos e exigem aprendizado de padrões de ataque e \"parries\" precisos. No entanto, o jogo brilha intensamente nas suas opções de acessibilidade, que permitem que qualquer pessoa jogue. Você pode ajustar o dano recebido, a saúde dos inimigos e até — em uma piada genial — dar uma arma de fogo realista ao caranguejo que mata qualquer chefe com um único tiro, permitindo que jogadores que só querem ver a história aproveitem o jogo sem frustração. É uma sátira inteligente ao consumo e poluição, embrulhada em um pacote de gameplay sólido e divertido.', 'assets/images/default.png', 'assets/images/default_recents.png', 2, '2025-11-23 00:02:31', 'Analises', 4, NULL),
(15, 'Análise: \"Little Nightmares III\" (Prévia)', 'Little Nightmares III está chegando, mas desta vez com uma mudança significativa e arriscada nos bastidores: a Tarsier Studios, criadora original da franquia e responsável pela atmosfera única dos dois primeiros jogos, passou o bastão para a Supermassive Games (estúdio famoso por jogos narrativos de terror como \"Until Dawn\" e a antologia \"The Dark Pictures\"). Tivemos a oportunidade de jogar os primeiros capítulos da nova aventura e a grande pergunta na mente de todos é: a magia do terror atmosférico silencioso foi mantida? A resposta inicial é um aliviado \"sim\". A Supermassive parece entender profundamente o DNA do que faz Little Nightmares funcionar: a sensação de escala (você é minúsculo em um mundo gigante e hostil) e o design de som grotesco.\r\n\r\nA maior novidade mecânica desta iteração é o modo cooperativo online. Pela primeira vez na série principal, dois jogadores podem controlar os novos protagonistas, Low e Alone, simultaneamente. Cada personagem possui ferramentas exclusivas que definem seu gameplay: Low usa um arco e flecha para atingir alvos distantes e cortar cordas, enquanto Alone usa uma chave inglesa pesada para quebrar paredes e ativar mecanismos. Isso abre portas para puzzles colaborativos muito mais complexos do que vimos anteriormente. Jogando sozinho, a IA controla o segundo personagem, e ela se mostrou surpreendentemente competente na demo, ajudando nos puzzles sem ficar presa no cenário.\r\n\r\nO ambiente apresentado na demo, a \"Necrópole\", é uma cidade desértica cheia de ruínas, areia e ventos uivantes, o que representa uma mudança visual bem-vinda em relação aos ambientes claustrofóbicos, úmidos e escuros dos jogos anteriores. O inimigo principal mostrado, um \"Bebê Monstro\" gigante que observa tudo, é aterrorizante da maneira certa, misturando inocência com perigo letal. Resta saber se a narrativa terá o mesmo impacto misterioso e as reviravoltas chocantes dos originais, mas Little Nightmares III parece estar em boas mãos, expandindo o universo para o multiplayer sem perder sua essência solitária e perturbadora.', 'assets/images/default.png', 'assets/images/default_recents.png', 1, '2025-11-23 00:02:31', 'Previas', 5, NULL),
(16, 'Entrevista: O Sucesso de \"Backpack Battles\"', 'Backpack Battles é um fenômeno curioso e inesperado que tomou a Steam de assalto este ano. O jogo combina dois gêneros que, à primeira vista, não teriam nada a ver um com o outro: o gerenciamento de inventário (aquele \"Tetris\" mental de organizar sua maleta no Resident Evil 4) e o \"autobattler\" (batalhas automáticas estratégicas). Recentemente, conversamos com os desenvolvedores para entender de onde veio essa ideia maluca e como ela se transformou em um vício global.\r\n\r\n\"Eu sempre amei passar horas organizando meu inventário em RPGs clássicos. Percebi que isso poderia ser o jogo inteiro, não apenas uma tarefa secundária chata entre missões\", disse um dos criadores. O conceito é enganosamente simples: você entra em uma loja, compra itens com o ouro limitado que possui, organiza-os dentro de uma mochila com espaço restrito e, em seguida, enfrenta a mochila de outro jogador em uma batalha onde você apenas assiste. A profundidade real vem das \"sinergias\" e do posicionamento.\r\n\r\nUma espada colocada ao lado de uma pedra de amolar causa mais dano ou acerta mais rápido. Poções se ativam instantaneamente se estiverem conectadas a ervas específicas. Uma frigideira causa dano extra para cada comida adjacente. O posicionamento é tudo. \"O maior desafio de design foi criar itens suficientes para permitir builds variadas, mas sem quebrar o jogo. Queria que o jogador se sentisse inteligente, como um gênio tático, ao descobrir um combo quebrado por conta própria.\"\r\n\r\nO jogo explodiu em popularidade graças a uma estratégia de demo muito generosa, que permitiu que streamers jogassem por meses antes do lançamento, e à natureza \"viciante\" de ver sua build, que parecia ruim, destruir o oponente em segundos. Os desenvolvedores também destacaram a importância vital de manter o jogo sem elementos \"pay-to-win\". \"É um jogo de estratégia pura. Se alguém pudesse comprar poder com dinheiro real, a diversão e a integridade competitiva acabariam instantaneamente.\" Backpack Battles é a prova definitiva de que mecânicas de nicho, quando bem executadas e isoladas, podem sustentar um jogo inteiro.', 'assets/images/default.png', 'assets/images/default_recents.png', 3, '2025-11-23 00:03:26', 'Entrevistas', 5, NULL),
(17, 'Opinião: O Steam Deck mudou o cenário indie', 'Desde o lançamento do Steam Deck pela Valve, o mercado de jogos indie sofreu uma revolução silenciosa, mas tectônica. Antes, o \"Santo Graal\" para qualquer desenvolvedor independente era conseguir colocar seu jogo no Nintendo Switch. A plataforma da Nintendo era o único lugar onde jogos pixelados e experiências menores realmente brilhavam. Hoje, no entanto, o Steam Deck tomou esse lugar com força, tornando-se a plataforma definitiva para o consumo de jogos independentes.\r\n\r\nA portabilidade do dispositivo, aliada à biblioteca gigantesca e já existente da Steam (você não precisa comprar seus jogos de novo) e aos preços frequentes de promoção, criou o ecossistema perfeito. Jogos que antes exigiam o ritual de sentar na frente do PC — como roguelikes complexos que exigem centenas de horas ou visual novels longas — agora são consumidos no sofá, no ônibus ou na cama antes de dormir. Isso mudou fundamentalmente os hábitos de consumo dos jogadores. Estamos comprando e jogando mais jogos \"menores\" e experimentais porque a barreira de entrada (ligar o PC, sentar na mesa de trabalho) diminuiu drasticamente.\r\n\r\nO selo verde de \"Deck Verified\" tornou-se um distintivo de honra para os estúdios e um impulsionador de vendas real e mensurável. Para os desenvolvedores, o Deck é muito mais amigável que o ecossistema fechado dos consoles. Não há o processo burocrático e caro de certificação da Nintendo (o temido \"Lotto Check\") ou kits de desenvolvimento difíceis de conseguir. Se o jogo roda no Linux/Proton, ele roda no Deck. Isso democratizou o acesso ao mercado de portáteis de uma forma nunca vista. Além disso, o sucesso do hardware forçou a indústria a pensar em acessibilidade: interfaces de usuário (UI) e tamanhos de fonte estão sendo otimizados para telas pequenas de 7 polegadas, o que acaba beneficiando jogadores em todas as plataformas, inclusive nos monitores grandes.', 'assets/images/default.png', 'assets/images/default_recents.png', 10, '2025-11-23 00:03:26', 'Opiniao', 5, NULL),
(18, 'Devlog: Superando o bloqueio criativo', 'Todo criativo, seja escritor, pintor ou programador, passa por isso em algum momento: você abre o editor (seja Unity, Godot, Blender ou VS Code), olha para a tela em branco ou para aquele script pela metade e... nada acontece. O cursor pisca, zombando de você. O bloqueio criativo atingiu nossa equipe com força total no último mês de desenvolvimento. Ficamos presos tentando resolver o design da terceira fase do jogo, a \"Caverna de Cristal\". Nada parecia bom o suficiente. As mecânicas pareciam repetitivas, o visual não encaixava com o resto do jogo e estávamos girando em círculos, reescrevendo o mesmo código três vezes sem avançar.\r\n\r\nComo superamos essa barreira invisível? Primeiro, tivemos que aceitar a derrota temporária e parar de tentar \"forçar\" o trabalho. Aceitamos que o cérebro precisava de descanso e reset. Tiramos alguns dias totalmente \"off\", longe das telas do computador. Fomos caminhar no parque, ler livros de ficção, ver filmes antigos que não tinham nada a ver com jogos. A inspiração muitas vezes vem de fora da sua bolha de trabalho; ela vem da vida real.\r\n\r\nSegundo, voltamos ao básico absoluto: prototipagem em papel. Desligamos os computadores e desenhamos o layout da fase em folhas de caderno e guardanapos, usando moedas como personagens. Isso removeu a pressão técnica de fazer algo \"bonito\" ou \"performático\" na engine e focou puramente na diversão e no fluxo. Também jogamos jogos considerados \"ruins\" ou muito antigos para analisar criticamente o que não funcionava neles. Às vezes, ver um erro de design claro em outro lugar ajuda você a identificar o que você quer evitar no seu projeto. O resultado foi que a solução para a mecânica da fase surgiu de uma ideia simples desenhada num papel amassado. O bloqueio criativo é parte do processo, não o fim dele. A lição que fica é: não tenha medo de dar um passo atrás para pegar impulso.', 'assets/images/default.png', 'assets/images/default_recents.png', 9, '2025-11-23 00:03:26', 'Devlogs', 5, NULL),
(19, 'Notícia: Devolver Digital anuncia novo Showcase', 'A Devolver Digital não faz conferências normais de videogame. Seus showcases anuais, o \"Devolver Direct\", tornaram-se eventos cultuados por si sós. Eles são esquetes cinematográficas surreais, sangrentas, cheias de humor ácido e satíricas que criticam abertamente a própria indústria de games — os executivos gananciosos, as tendências predatórias de monetização, o hype vazio — tudo isso enquanto mostram trailers de jogos indie incríveis. A publicadora anunciou sua apresentação para junho, prometendo \"o retorno de Volvy\", seu mascote bizarro que supostamente existia nos anos 90 (mas foi inventado ano passado).\r\n\r\nMas além do teatro e da comédia, o que podemos esperar em termos de jogos? A Devolver tem um faro impecável, quase sobrenatural, para encontrar indies de alta qualidade com estilo único e mecânicas viciantes (como Cult of the Lamb, Hotline Miami, Inscryption). Esperamos ver atualizações de jogabilidade de \"Human Fall Flat 2\", novidades sobre o encantador \"The Plucky Squire\" e, quem sabe, o anúncio de uma nova IP que ninguém esperava e que vai roubar a cena. Rumores indicam que eles podem estar apostando mais em jogos de simulação e estratégia tática, fugindo um pouco da ação frenética que é sua marca registrada.\r\n\r\nO formato da Devolver é importante para a indústria porque quebra a monotonia corporativa e sanitizada do \"Summer Game Fest\" e outros eventos grandes. Eles lembram a todos que videogames são entretenimento, são uma forma de arte e, às vezes, são pura loucura criativa sem filtros. Mesmo que você não goste do estilo específico dos jogos que eles publicam, assistir ao show da Devolver é quase obrigatório para entender o espírito rebelde e inovador que ainda impulsiona o cenário indie contra a maré dos grandes blockbusters genéricos.', 'assets/images/default.png', 'assets/images/default_recents.png', 5, '2025-11-23 00:03:26', 'Eventos', 5, NULL),
(20, 'Análise: \"Manor Lords\" - O City Builder Medieval', 'Manor Lords é um caso de estudo fascinante no desenvolvimento moderno de jogos. Desenvolvido majoritariamente por uma única pessoa sob o nome de Slavic Magic, o jogo tornou-se o título mais desejado (wishlisted) da Steam antes do seu lançamento, superando franquias gigantescas. Agora que ele está entre nós em Acesso Antecipado, a pergunta que todos fazem é: ele aguenta o peso desse hype colossal? Surpreendentemente, a resposta é sim. Manor Lords não é apenas mais um city-builder medieval; é uma simulação histórica orgânica que mistura a construção detalhada de \"Banished\" com as batalhas táticas de \"Total War\" (embora em menor escala).\r\n\r\nO grande diferencial, e o que chama a atenção logo de cara, é o sistema de construção livre de grades (gridless). Ao contrário da maioria dos jogos do gênero onde você coloca casas em quadrados pré-definidos, aqui as estradas se curvam naturalmente seguindo o terreno, e as casas se adaptam a esses formatos irregulares. Isso cria vilas que parecem reais, orgânicas e vividas, como verdadeiros assentamentos medievais, e não cidades planejadas matematicamente por um computador. O sistema de economia e agricultura é profundo, exigindo rotação de culturas, gestão de recursos sazonais e especialização da mão de obra.\r\n\r\nAs batalhas, embora o desenvolvedor insista que não são o foco principal (é um jogo de construção primeiro, guerra depois), são competentes e adicionam uma camada necessária de tensão política e risco. Você precisa defender seu território de bandidos e lordes rivais usando milícias formadas pelos seus próprios aldeões — o que dá um peso emocional a cada morte, pois cada soldado perdido é um trabalhador a menos na colheita. O jogo ainda está em desenvolvimento e tem bugs, além de sistemas incompletos como a diplomacia e o comércio avançado, mas a fundação construída na Unreal Engine 5 é incrivelmente sólida e bela. Manor Lords redefine o que esperamos de fidelidade visual e complexidade mecânica no gênero de estratégia, especialmente vindo de uma equipe tão pequena.', 'assets/images/default.png', 'assets/images/default_recents.png', 1, '2025-11-23 00:03:26', 'Analises', 5, NULL);
INSERT INTO `Posts` (`ID`, `TITULO`, `CONTEUDO`, `IMAGEM`, `IMAGEM_RECENT`, `AUTOR_ID`, `DATA_POSTAGEM`, `CATEGORIA`, `AVALIACAO`, `DATA_EDICAO`) VALUES
(21, 'Prévia: \"The Plucky Squire\"', 'De vez em quando, surge um jogo que nos faz lembrar por que nos apaixonamos por videogames em primeiro lugar. \"The Plucky Squire\" (O Escudeiro Valente) é, sem dúvida, o título mais visualmente inventivo e charmoso que vimos este ano. A premissa central é de uma criatividade desconcertante: você controla Jot, o herói de um livro de histórias infantil, que descobre que pode saltar das páginas 2D de seu mundo de papel para o mundo real 3D — uma mesa de quarto de criança bagunçada. Essa transição entre dimensões não é apenas um truque visual; é a base fundamental de uma jogabilidade rica e variada.\r\n\r\nEm um momento, você está jogando um \"Zelda\" clássico visto de cima, lutando contra goblins desenhados com traços grossos no papel. No momento seguinte, você encontra um portal e salta para a mesa, onde o jogo se transforma em um platformer 3D completo. A interação entre esses dois mundos é onde a mágica acontece. Você pode precisar sair do livro para encontrar um objeto no mundo real — como um dado ou uma peça de Lego — e trazê-lo para dentro da página para resolver um quebra-cabeça. Ou talvez você precise inclinar o livro fisicamente no mundo 3D para fazer blocos deslizarem dentro da página 2D. As possibilidades de design são infinitas e a desenvolvedora All Possible Futures parece estar explorando cada uma delas.\r\n\r\nAlém da mecânica de salto dimensional, o jogo é uma celebração de diferentes gêneros. Vimos trechos que homenageiam jogos de luta de arcade, jogos de tiro estilo \"bullet hell\" e até RPGs de turno. Tudo isso é amarrado por uma direção de arte impecável. O lado 2D tem a estética vibrante de ilustrações vetoriais modernas, enquanto o lado 3D tem uma qualidade tátil, quase de brinquedo de vinil, que dá vontade de tocar. É charmoso, inteligente, engraçado e transborda um tipo de criatividade pura que muitas vezes falta em produções maiores. The Plucky Squire promete ser uma jornada inesquecível através da imaginação.', 'assets/images/default.png', 'assets/images/default_recents.png', 3, '2025-11-23 00:04:59', 'Previas', 5, NULL),
(22, 'Opinião: A \"morte\" da E3 e o impacto nos indies', 'Com o cancelamento definitivo e oficial da E3 (Electronic Entertainment Expo), a indústria de videogames perdeu seu \"Natal Gamer\", o momento unificador do ano onde todos os olhos do mundo estavam voltados para o mesmo lugar. Para os gigantes como Sony, Nintendo e Microsoft, isso pouco importa; eles têm orçamento e alcance para criar seus próprios eventos digitais de sucesso. Mas e os desenvolvedores independentes? A morte da E3 deixa um vácuo perigoso para os pequenos estúdios. A E3 era um farol; mesmo que você não estivesse no palco principal, estar no \"entorno\" do evento gerava uma cobertura de imprensa que durava meses.\r\n\r\nSem esse evento centralizador, a visibilidade se fragmenta em dezenas de showcases menores e desconexos. Hoje temos o Summer Game Fest, o Wholesome Direct, o PC Gaming Show, o Future Games Show, entre outros. Embora isso pareça bom (mais eventos = mais jogos), a realidade é que a atenção do público é limitada. É difícil para o jogador médio acompanhar cinco transmissões diferentes em uma semana. Além disso, os custos para aparecer nesses eventos digitais principais tornaram-se proibitivos. O Summer Game Fest cobra taxas que podem ultrapassar centenas de milhares de dólares por um trailer de um minuto, um valor inviável para 99% dos indies.\r\n\r\nIsso força os desenvolvedores a dependerem cada vez mais do algoritmo imprevisível das redes sociais (TikTok, Twitter/X) para serem descobertos. A curadoria humana dos grandes eventos está sendo substituída pela viralidade efêmera. No entanto, há um lado positivo: a democratização dos festivais da Steam (Next Fest). Esses eventos digitais permitem que os jogadores testem as demos diretamente, eliminando o intermediário da imprensa. A morte da E3 é o fim de uma era de espetáculo, mas talvez seja o início de uma era onde a qualidade da demo vale mais do que o tamanho do banner no centro de convenções de Los Angeles.', 'assets/images/default.png', 'assets/images/default_recents.png', 8, '2025-11-23 00:04:59', 'Eventos', 4, NULL),
(23, 'Devlog: Nosso jogo \"1-Bit\" para o Playdate', 'Desenvolver para o Playdate, o pequeno console amarelo com uma manivela lateral, tem sido o exercício de restrição criativa mais desafiador e gratificante que nossa equipe já enfrentou. Em um mundo de 4K, Ray Tracing e teraflops, o Playdate nos força a olhar para trás. Sua tela não tem luz de fundo (backlight) e é puramente 1-bit: os pixels ou são pretos (ligados) ou transparentes (desligados). Não há tons de cinza. Isso significa que toda a nossa arte teve que ser repensada do zero. Sombras, texturas e profundidade precisam ser comunicadas através de \"dithering\" (pontilhismo) cuidadoso, caso contrário, a imagem vira uma mancha preta ilegível.\r\n\r\nMas é nessas limitações extremas que a criatividade floresce. A manivela (crank) não é apenas um truque; é um controle analógico incrivelmente preciso. Nosso jogo utiliza a manivela para controlar o fluxo do tempo — girar para frente avança a ação, girar para trás rebobina. Essa mecânica seria impossível de replicar com a mesma satisfação tátil em um joystick ou tela de toque. Tivemos que reaprender a programar para um processador modesto, otimizando cada linha de código para garantir que a taxa de quadros se mantenha estável, pois qualquer queda é perceptível em uma tela tão nítida.\r\n\r\nA comunidade de desenvolvedores do Playdate é outro destaque. É um grupo pequeno, apaixonado e extremamente colaborativo, lembrando os primórdios da cena \"homebrew\" ou do desenvolvimento para Game Boy. Existe uma sensação de descoberta compartilhada, de estarmos todos explorando um território novo juntos. O Playdate não vai competir com o Switch ou o Steam Deck, e nem quer. Ele é um objeto de design, um brinquedo no melhor sentido da palavra, e criar algo para ele nos fez lembrar que jogos não precisam ser hiper-realistas para serem imersivos; eles só precisam ser divertidos.', 'assets/images/default.png', 'assets/images/default_recents.png', 4, '2025-11-23 00:04:59', 'Devlogs', 4, NULL),
(24, 'Análise: \"Animal Well\" - Um Metroidvania psicodélico', 'Animal Well é um enigma embrulhado em um mistério dentro de um labirinto. Publicado pela Bigmode (a nova publicadora do famoso youtuber Videogamedunkey), o jogo chegou com a promessa de ser algo diferente, e cumpriu. É um metroidvania denso, atmosférico e propositalmente obtuso. Você é uma pequena bolinha amorfa explorando um poço profundo e escuro, habitado por animais — alguns indiferentes, alguns amigáveis e outros aterrorizantes, como cachorros fantasmas e avestruzes agressivos.\r\n\r\nO visual é a primeira coisa que choca. O desenvolvedor Billy Basso criou uma engine própria que renderiza pixel art com uma iluminação dinâmica e fluida que parece quase \"líquida\". A escuridão é palpável, e as luzes de neon criam uma sensação de profundidade surreal e claustrofóbica. Mas é no design de jogo que Animal Well brilha. Não há combate tradicional. Você não ganha uma espada. Em vez disso, você encontra itens utilitários estranhos: um ioiô, um disco de frisbee, uma mola maluca. Cada item tem múltiplos usos para travessia e resolução de puzzles.\r\n\r\nO jogo é construído em camadas. A \"primeira camada\" é chegar ao final e ver os créditos, o que é um desafio moderado. A \"segunda camada\" é encontrar todos os ovos escondidos, o que exige observação atenta. Mas é a \"terceira camada\" de segredos que transformou o jogo em um fenômeno de comunidade. Puzzles que exigem colaboração online, esteganografia (mensagens escondidas em imagens) e conhecimentos obscuros. Animal Well respeita a inteligência do jogador ao extremo, recusando-se a dar dicas ou segurar sua mão. É uma obra-prima de design de níveis compactos, onde cada tela esconde algo valioso, provando que um mapa não precisa ser gigante para ser profundo.', 'assets/images/default.png', 'assets/images/default_recents.png', 7, '2025-11-23 00:04:59', 'Analises', 4, NULL),
(25, 'Notícia: Estúdio de \"Celeste\" anuncia novo jogo', 'A Extremely OK Games, o estúdio lendário por trás de \"Celeste\" e \"TowerFall\", finalmente quebrou o silêncio e revelou mais detalhes sobre seu próximo projeto titânico: \"Earthblade\". A responsabilidade é imensa. Celeste não é apenas um bom jogo; é considerado por muitos como o melhor jogo de plataforma 2D da década, famoso por unir controles perfeitos com uma narrativa emocionante sobre saúde mental. Então, o que vem a seguir? O trailer revela um mundo de fantasia em pixel art deslumbrante, que mantém a identidade visual do estúdio, mas eleva o nível de detalhe e atmosfera.\r\n\r\nDiferente de Celeste, que era dividido em fases lineares (capítulos), Earthblade promete ser um jogo de \"exploração-ação\" em um mapa contínuo, ou seja, um Metroidvania completo. A grande mudança mecânica é a introdução do combate corpo a corpo. Vemos a protagonista, Névoa, usando espadas e ataques aéreos para enfrentar inimigos, algo que não existia na escalada da montanha Celeste. No entanto, a fluidez de movimento característica da equipe — os dashes, os pulos na parede, a inércia precisa — parece estar intacta e adaptada para esse novo contexto de luta.\r\n\r\nA música, novamente composta pela genial Lena Raine, já no trailer mostra que será icônica, misturando melodias melancólicas com batidas tribais e misteriosas que evocam um mundo antigo e esquecido. A narrativa promete ser enigmática, focada no retorno de Névoa a uma terra arruinada. A data de lançamento ainda é uma vaga promessa de \"202X\", mas a comunidade está disposta a esperar. A Extremely OK Games tem um crédito infinito com os jogadores, e Earthblade já nasce como um clássico instantâneo em potencial, carregando a tocha dos jogos de plataforma narrativa para a próxima geração.', 'assets/images/default.png', 'assets/images/default_recents.png', 9, '2025-11-23 00:04:59', 'Noticias', 5, NULL),
(26, 'Análise: \"Dave the Diver\" (Versão 1.0)', 'Dave the Diver é a prova definitiva de que misturas inusitadas de gêneros podem resultar em experiências extraordinárias. Quem imaginaria que um jogo dividindo seu tempo entre pesca submarina perigosa durante o dia e gerenciamento de um restaurante de sushi sofisticado à noite funcionaria tão bem? A versão 1.0 do jogo chegou para coroar uma das jornadas de Acesso Antecipado mais bem-sucedidas dos últimos tempos. O que faz Dave the Diver brilhar não é apenas a solidez de suas mecânicas individuais, mas como elas se alimentam (literalmente) uma da outra.\r\n\r\nDurante o dia, você mergulha no misterioso \"Buraco Azul\", um local geográfico impossível onde a ecologia muda a cada mergulho. A jogabilidade de pesca é tensa e satisfatória; usar o arpão exige mira e timing, e o oxigênio serve tanto como sua vida quanto como seu limite de tempo. A sensação de progresso é constante: você melhora seu traje para ir mais fundo, melhora seu arpão para pegar peixes maiores (e tubarões aterrorizantes) e aumenta sua capacidade de carga. Mas a mágica acontece quando o sol se põe.\r\n\r\nÀ noite, o jogo se transforma em um simulador de restaurante frenético. Você precisa decidir o cardápio com base no que pescou, servir chá verde perfeitamente, limpar as mesas e treinar seus funcionários. O chef Bancho, um homem de poucas palavras e muita habilidade, é um dos personagens mais carismáticos do ano. E falando em personagens, o elenco de apoio — do especialista em armas otaku Duffy ao trambiqueiro Cobra — adiciona um humor e uma personalidade que elevam o jogo acima de um simples simulador.\r\n\r\nA versão 1.0 trouxe o capítulo final da história (que envolve uma civilização de \"Povo do Mar\"), novos minigames de ritmo, áreas de cultivo subaquático e festas temáticas VIP que exigem pratos específicos. A quantidade de conteúdo secundário é absurda: há corrida de cavalos-marinhos, um jogo de cartas colecionáveis, um aplicativo de fotos estilo Instagram e muito mais. Dave the Diver é uma experiência relaxante, engraçada, surpreendentemente profunda e incrivelmente \"suculenta\", que merece todo o sucesso crítico e comercial que alcançou, reacendendo a discussão sobre o que define um jogo \"indie\" de qualidade (mesmo vindo de uma subsidiária da Nexon).', 'assets/images/default.png', 'assets/images/default_recents.png', 2, '2025-11-23 00:05:55', 'Analises', 4, NULL),
(27, 'Prévia: \"Windblown\" - O novo jogo dos criadores de Dead Cells', 'A Motion Twin, o estúdio original responsável pelo fenômeno \"Dead Cells\", está de volta, e eles não estão para brincadeira. \"Windblown\" é a nova aposta da equipe, e se você achava que Dead Cells era rápido, prepare-se para ter seus reflexos testados no limite. Se o jogo anterior definiu o gênero \"roguevania\" em 2D, Windblown busca fazer o mesmo para os roguelites de ação em perspectiva isométrica 3D. Tivemos a chance de testar a versão alpha fechada e a primeira coisa que notamos foi a velocidade alucinante.\r\n\r\nO núcleo do gameplay é o movimento. Os personagens, chamados de Leapers, podem usar um \"dash\" (esquiva) ultra-rápido e quase infinito para atravessar ilhas flutuantes no céu, desviando de projéteis e fechando a distância contra inimigos em milissegundos. O combate é visceral e focado em combos. O diferencial aqui é a mecânica de absorção: quando você derrota chefes ou guerreiros caídos, você absorve suas memórias e poderes, integrando as armas deles ao seu arsenal. Isso permite uma customização de build muito fluida e agressiva.\r\n\r\nMas a grande novidade para os fãs do estúdio é o foco no cooperativo. Windblown suporta até três jogadores online. A sinergia entre as habilidades dos jogadores promete ser o ponto alto, com combos que podem ser executados em equipe. Visualmente, o jogo se afasta do pixel art sujo de Dead Cells para abraçar um estilo 3D vibrante, colorido e limpo, lembrando animações francesas modernas e histórias em quadrinhos europeias.\r\n\r\nA dificuldade, como esperado da Motion Twin, é punitiva. Morrer é parte do aprendizado, e voltar para o início (a Arca) para desbloquear melhorias permanentes é o ciclo viciante que conhecemos bem. Os chefes que vimos são gigantescos e ocupam a tela com padrões de ataque \"bullet hell\". Windblown tem potencial para ser o novo rei dos jogos de ação coop, misturando a precisão de Hades com a velocidade de Sonic, tudo embrulhado em um pacote visualmente deslumbrante.', 'assets/images/default.png', 'assets/images/default_recents.png', 1, '2025-11-23 00:05:55', 'Previas', 5, NULL),
(28, 'Entrevista: O desafio de portar jogos para o Switch', 'Para muitos jogadores, a frase \"vai sair para o Switch?\" é a primeira que vem à mente ao ver um jogo indie legal. Mas o que realmente acontece nos bastidores para fazer um jogo moderno rodar no console híbrido da Nintendo? Conversamos com a equipe técnica da \"BlitWorks\", um estúdio especializado em portar jogos de PC e consoles potentes para o Switch. A resposta curta é: é um trabalho de engenharia quase milagroso.\r\n\r\n\"O maior desafio é, sem dúvida, a CPU e a memória RAM\", explica o engenheiro-chefe. \"O Switch tem um hardware móvel de 2015. Jogos feitos em engines modernas como Unreal 5 ou Unity muitas vezes dependem de força bruta de processamento que o Switch simplesmente não tem.\" O processo de otimização envolve reescrever shaders complexos, reduzir drasticamente a contagem de polígonos dos modelos 3D (LODs) e comprimir texturas sem perder a identidade visual da arte. \"Muitas vezes, temos que refazer o sistema de iluminação inteiro, trocando luzes dinâmicas por luzes \"assadas\" (baked) nas texturas para economizar performance.\"\r\n\r\nOutro ponto crítico é a interface de usuário (UI). \"Um texto que é legível em um monitor de 27 polegadas fica microscópico na tela de 6 polegadas do Switch no modo portátil. Temos que redesenhar menus e aumentar fontes, o que às vezes quebra o layout original do jogo.\" Além da parte técnica, existe o desafio burocrático. O processo de certificação da Nintendo (o \"Lot Check\") é notoriamente rigoroso, exigindo que o jogo lide perfeitamente com interrupções, como o console entrando em modo de descanso ou os controles sendo desconectados no meio da ação.\r\n\r\nApesar das dificuldades, o esforço vale a pena? \"Absolutamente\", dizem eles. \"Para muitos jogos indies, o Switch ainda representa 30% a 50% das vendas totais. O público da Nintendo é faminto por experiências criativas e portáteis. Um porte bem feito pode salvar um estúdio financeiramente; um porte ruim e travado pode manchar a reputação para sempre.\"', 'assets/images/default.png', 'assets/images/default_recents.png', 5, '2025-11-23 00:05:55', 'Entrevistas', 5, NULL),
(29, 'Opinião: \"Game Pass\" é bom ou ruim para os Indies?', 'O Xbox Game Pass é frequentemente chamado de \"A Netflix dos Jogos\", e essa comparação levanta um debate acalorado na comunidade de desenvolvimento indie. O serviço de assinatura da Microsoft é uma salvação divina ou uma maldição disfarçada para os pequenos estúdios? A resposta, como tudo em economia, é complexa e depende do tipo de jogo que você está fazendo.\r\n\r\nPor um lado, o \"cheque gordo\" adiantado que a Microsoft paga para colocar um jogo no catálogo no dia do lançamento pode garantir a sobrevivência de um estúdio por anos. Isso remove o risco financeiro imediato de um lançamento fracassado. Além disso, a visibilidade é incomparável. Estar na \"home\" do Game Pass coloca seu jogo na frente de milhões de assinantes que, de outra forma, jamais arriscariam R$ 80,00 para comprar seu título desconhecido. Para jogos multiplayer que dependem de uma base de jogadores ativa (como \"Among Us\" ou \"Deep Rock Galactic\"), o Game Pass é um sonho, enchendo os servidores instantaneamente.\r\n\r\nPor outro lado, existe o medo real da \"canibalização\" das vendas. Muitos jogadores hoje adotaram a mentalidade de \"esperar sair no Game Pass\", deixando de comprar jogos no lançamento na Steam ou no próprio Xbox. Isso pode desvalorizar a percepção de preço dos jogos indie a longo prazo. Para jogos narrativos curtos (de 3 a 5 horas), que não têm microtransações ou DLCs, o modelo de assinatura pode ser perigoso se o contrato inicial não for generoso o suficiente, pois não há \"cauda longa\" de vendas.\r\n\r\nA conclusão geral da indústria parece ser cautelosamente otimista. O Game Pass é uma ferramenta excelente de descoberta e marketing, criando comunidades apaixonadas que podem acabar comprando o jogo depois para \"ter na biblioteca\" ou apoiando o próximo projeto do estúdio. No entanto, depender exclusivamente dele como modelo de negócio é arriscado. O equilíbrio ideal parece ser usar o Game Pass como um trampolim para a fama, e não como o único destino final.', 'assets/images/default.png', 'assets/images/default_recents.png', 10, '2025-11-23 00:05:55', 'Opiniao', 4, NULL),
(30, 'Devlog: Música 8-bit com \"Beepbox\"', 'A música é metade da emoção de um jogo retro. Uma boa trilha sonora em chiptune pode transformar um jogo de plataforma medíocre em um clássico nostálgico. Mas e se você, como nós, é um desenvolvedor que sabe programar, mas não sabe tocar nenhum instrumento? Para o nosso projeto atual, decidimos abraçar a limitação e usar o \"Beepbox\", uma ferramenta online gratuita e open-source para criação de música 8-bit, e os resultados foram surpreendentes.\r\n\r\nO Beepbox (acessível no navegador) desmistifica a composição musical. Em vez de partituras complexas, ele apresenta uma interface que se parece com uma planilha colorida ou um editor de níveis. O tempo está no eixo X, o tom (notas) no eixo Y. O segredo para criar algo que soe profissional está no entendimento das \"camadas\" clássicas do NES. Você tem canais limitados: geralmente uma onda quadrada (Square Wave) para a melodia principal, uma onda triangular (Triangle Wave) para o baixo e ruído branco (Noise) para a percussão.\r\n\r\nNo nosso devlog em vídeo, mostramos como começamos com uma linha de baixo simples e repetitiva na onda triangular para dar o ritmo. Depois, adicionamos a percussão usando o canal de ruído para simular caixas e chimbais. Por fim, desenhamos a melodia na onda quadrada, adicionando efeitos de \"slide\" e \"vibrato\" que a ferramenta oferece para dar expressão. O Beepbox permite exportar diretamente para .WAV ou .MP3, pronto para ser importado na Unity ou Godot.\r\n\r\nEssa experiência nos ensinou que as restrições criativas são libertadoras. Ao limitar nossas opções a apenas 4 canais de som sintético, fomos forçados a focar na melodia e na composição, em vez de nos perdermos em bibliotecas de instrumentos orquestrais de 50GB. O resultado é uma trilha sonora que tem identidade, charme e aquela autenticidade \"crocante\" que os fãs de pixel art adoram. Se você é dev solo, não tenha medo de tentar compor sua própria música; ferramentas como o Beepbox tornam o processo quase um jogo em si.', 'assets/images/default.png', 'assets/images/default_recents.png', 3, '2025-11-23 00:05:55', 'Devlogs', 5, NULL),
(31, 'Análise: \"Dredge\" - O terror cósmico da pescaria', 'Dredge é um jogo de pesca... até o sol se pôr. O que começa como um simulador relaxante e quase terapêutico de gerenciamento de barco em um arquipélago remoto rapidamente se transforma em um pesadelo de terror cósmico Lovecraftiano. A genialidade do jogo reside exatamente nessa dualidade e em como ele subverte as expectativas do jogador de forma sutil, mas constante. A mecânica básica é simples e satisfatória: você navega com seu pequeno barco de pesca, joga a linha em pontos borbulhantes e participa de um minigame de ritmo para puxar o peixe.\r\n\r\nO gerenciamento do inventário é um quebra-cabeça espacial (\"Tetris de Peixe\") onde você precisa encaixar bacalhaus, caranguejos e motores no porão limitado do barco. No entanto, o verdadeiro jogo começa quando a neblina da noite desce. Uma mecânica de \"pânico\" é ativada: quanto mais tempo você passa no escuro ou testemunha eventos estranhos, mais seu olho de sanidade se abre. Pedras que não existiam aparecem na sua frente, corvos roubam sua pesca, e outras embarcações que parecem amigáveis revelam-se monstros disfarçados prontos para destruir seu casco.\r\n\r\nA história é contada de forma fragmentada e misteriosa, através de garrafas com mensagens encontradas no mar, relíquias estranhas pescadas do fundo e diálogos enigmáticos com os habitantes das ilhas — o Prefeito paranóico, o Colecionador recluso, a Guardiã do Farol. Não há grandes cutscenes explicativas; o horror está na atmosfera, no som do vento uivando e no vislumbre de tentáculos gigantes sob a superfície da água. É um jogo curto, focado e perfeitamente executado que entende que o medo do desconhecido (o fundo do mar) é um dos medos mais primais da humanidade. Dredge é uma aula de como criar tensão sem precisar de \"jump scares\" baratos.', 'assets/images/default.png', 'assets/images/default_recents.png', 1, '2025-11-23 00:06:24', 'Analises', 5, NULL),
(32, 'Notícia: \"Tunic\" recebe tradução oficial para PT-BR', 'Tunic, o aclamado jogo da \"raposinha\" que presta uma homenagem carinhosa e brutal aos Zeldas da era 8 e 16-bits, finalmente recebeu uma atualização vital para o público brasileiro: legendas oficiais em Português do Brasil (PT-BR). Pode parecer uma notícia menor para um jogo que se baseia tanto em mistério visual, mas a localização de Tunic é um passo importante para a acessibilidade de um dos jogos mais inteligentes dos últimos anos.\r\n\r\nO coração de Tunic é o seu \"manual do jogo\". Você coleta páginas de um manual virtual dentro do próprio jogo, que se parece exatamente com os livretos impressos que vinham nas caixas de jogos dos anos 90 (como o de Zelda II ou Metroid). A pegadinha é que a maior parte desse manual está escrita em uma língua rúnica fictícia e indecifrável. O jogador precisa deduzir as mecânicas, mapas e segredos apenas pelas ilustrações e pelo contexto.\r\n\r\nA tradução para o português, portanto, teve que ser cirúrgica. Ela traduz apenas o que *deve* ser entendido (menus, descrições de itens básicos, dicas essenciais de UI) sem estragar o mistério central da linguagem rúnica. Isso permite que jogadores que não dominam o inglês possam navegar pelos menus e entender a premissa básica, sem perder a sensação de descoberta arqueológica que é o pilar do design do jogo. Tunic é conhecido por esconder segredos dentro de segredos (há puzzles que exigem traduzir as runas letra por letra), e agora, com a barreira do idioma \"real\" removida, mais jogadores brasileiros poderão mergulhar nesse mundo encantador, colorido e impiedosamente difícil.', 'assets/images/default.png', 'assets/images/default_recents.png', 9, '2025-11-23 00:06:24', 'Noticias', 4, NULL),
(33, 'Opinião: O Fim da \"Pixel Art\" genérica?', 'A Pixel Art é um estilo artístico atemporal, assim como a pintura a óleo ou a aquarela. No entanto, nos últimos anos, o mercado indie foi inundado por uma onda de jogos que utilizam uma estética \"8-bit genérica\" que começa a mostrar sinais claros de saturação. Aquele visual que imita as limitações do NES — sprites pequenos, paleta de cores restrita, animações de 2 quadros — que antes evocava nostalgia, hoje muitas vezes sinaliza falta de orçamento ou de direção artística original para o consumidor médio.\r\n\r\nEstamos vendo, felizmente, uma mudança de paradigma. O público e os curadores não querem mais apenas \"retro\"; eles querem identidade. Jogos como \"Hyper Light Drifter\", \"Eastward\" e o vindouro \"Earthblade\" representam a evolução da pixel art, muitas vezes chamada de \"Hi-Bit\". Eles usam a base dos pixels, mas a combinam com resoluções de tela modernas (widescreen), paletas de cores neon vibrantes que o hardware antigo jamais suportaria, e animações fluidas com dezenas de quadros por segundo.\r\n\r\nOutra vertente é a mistura de 2D com 3D, popularizada pela Square Enix com o \"HD-2D\" (Octopath Traveler) e adotada por indies como \"Sea of Stars\" e \"Valheim\" (que usa texturas pixeladas em modelos low-poly). A iluminação dinâmica, sombras em tempo real, efeitos de partículas e shaders de água modernos aplicados sobre a arte pixelada criam uma estética que é, ao mesmo tempo, nostálgica e tecnologicamente impressionante. A conclusão é que a pixel art não vai morrer, mas o \"pixel art preguiçoso\" está com os dias contados. Para se destacar em 2025, não basta fazer quadrados; é preciso fazer arte.', 'assets/images/default.png', 'assets/images/default_recents.png', 8, '2025-11-23 00:06:24', 'Opiniao', 4, NULL),
(34, 'Entrevista: Por trás da localização de \"Disco Elysium\"', 'Traduzir um jogo já é difícil. Traduzir \"Disco Elysium\" é uma tarefa hercúlea que beira o impossível. O RPG estoniano contém mais de um milhão de palavras — mais do que toda a trilogia \"O Senhor dos Anéis\" combinada. Além do volume absurdo, o texto é denso, poético, filosófico e recheado de neologismos, gírias inventadas e conceitos políticos complexos que misturam comunismo, fascismo e liberalismo em um mundo fictício (Elysium).\r\n\r\nConversamos com a equipe responsável pela localização para o Português Brasileiro para entender o tamanho do desafio. \"Não foi apenas um trabalho de tradução, foi um trabalho de reescrita literária\", explicaram. O protagonista, Harry Du Bois, tem 24 vozes diferentes em sua cabeça (suas habilidades, como Lógica, Empatia, Arrepio), e cada uma tem uma personalidade e um tom de voz distintos. A \"Enciclopédia\" fala como um acadêmico pedante; o \"Meio-Corpo\" fala como um brutamontes instintivo. Manter essa consistência em português foi o maior desafio.\r\n\r\nAlém disso, houve um cuidado imenso com a adaptação cultural. Gírias, xingamentos e expressões idiomáticas foram \"localizadas\" para que o texto soasse natural e visceral para um brasileiro, mantendo o peso emocional e o humor ácido do original. O resultado é amplamente considerado uma das melhores localizações da história da indústria de jogos no Brasil. Ela permitiu que um público muito mais amplo acessasse essa obra-prima narrativa, provando que jogos de texto pesado podem sim ter sucesso no nosso mercado se houver investimento na qualidade da adaptação linguística.', 'assets/images/default.png', 'assets/images/default_recents.png', 7, '2025-11-23 00:06:24', 'Entrevistas', 5, NULL),
(35, 'Devlog: Usando Shaders para efeitos de água', 'Água é, historicamente, uma das coisas mais difíceis de se renderizar de forma convincente em videogames. Em jogos 2D, a abordagem antiga era usar sprites animados quadro a quadro. Embora funcione, isso consome muita memória de textura e o resultado muitas vezes parece repetitivo e \"duro\". Para o nosso projeto atual na Godot Engine, decidimos abandonar os sprites e mergulhar no mundo mágico (e matemático) dos Shaders.\r\n\r\nUm Shader é, simplificando, um pequeno programa que roda diretamente na placa de vídeo (GPU) e diz a ela como desenhar cada pixel na tela. Para criar nossa água, escrevemos um shader na \"Godot Shading Language\" que manipula a textura em tempo real. A base do efeito é uma função de seno (Sine Wave). Usamos a matemática para distorcer a coordenada UV da textura que está \"atrás\" da água. Isso cria aquele efeito de refração onde as pedras e peixes no fundo parecem \"dançar\" conforme a água se move.\r\n\r\nAlém da distorção, adicionamos uma linha branca no topo da superfície que também se move com uma onda senoidal, simulando a espuma e o movimento da maré. Também implementamos um gradiente de cor que torna a água mais escura conforme a profundidade aumenta. O resultado é uma água que reage, parece líquida, orgânica e nunca se repete exatamente da mesma forma. O melhor de tudo? O custo de performance é irrisório, pois a GPU é extremamente eficiente em fazer esses cálculos matemáticos. Shaders podem parecer \"magia negra\" assustadora no começo para quem só sabe programar lógica de jogo, mas são ferramentas essenciais para dar vida e polimento visual profissional aos cenários.', 'assets/images/default.png', 'assets/images/default_recents.png', 4, '2025-11-23 00:06:24', 'Devlogs', 5, NULL),
(36, 'Análise: \"Signalis\" - Um retorno ao Survival Horror clássico', 'Signalis não é apenas um jogo de terror; é uma carta de amor meticulosamente escrita, dobrada e selada com sangue para a era de ouro do Survival Horror dos anos 90. Se você cresceu jogando os primeiros Resident Evil ou Silent Hill no PlayStation 1, sentirá um arrepio de familiaridade assim que controlar Elster, a androide (Replika) protagonista. A câmera fixa, o gerenciamento de inventário brutalmente restrito (apenas 6 slots para tudo, incluindo armas, munição e itens de chave) e a atmosfera de isolamento opressivo estão todos lá. Mas Signalis não é apenas uma cópia nostálgica; é uma evolução moderna e estilosa do gênero.\r\n\r\nA estética é o que captura primeiro. O estúdio rose-engine criou um visual \"low poly\" que mistura a geometria simples do PS1 com efeitos de pós-processamento modernos, pixel art de alta resolução e filtros que lembram fitas VHS desgastadas. O design de som é industrial, metálico e perturbador, pontuado por silêncios que pesam toneladas. A narrativa é um quebra-cabeça complexo que mistura horror cósmico Lovecraftiano com ficção científica distópica estilo \"Blade Runner\". Você explora uma instalação de mineração abandonada em um planeta gelado, descobrindo diários que falam de um regime totalitário, doenças que corrompem a carne e a mente, e a natureza da memória e da identidade.\r\n\r\nO combate é tenso e estratégico. A munição é escassa, e os inimigos não \"morrem\" permanentemente a menos que você queime os corpos com sinalizadores (que também são escassos). Isso cria um jogo constante de \"risco versus recompensa\": devo gastar minhas balas agora ou tentar desviar e correr o risco de levar dano? Os puzzles são cripticos na medida certa, exigindo que você anote códigos, frequências de rádio e padrões visuais. Signalis é uma obra-prima de atmosfera que prova que o terror não precisa de gráficos fotorrealistas para ser aterrorizante; ele precisa de direção de arte, som e uma história que entre na sua cabeça e se recuse a sair.', 'assets/images/default.png', 'assets/images/default_recents.png', 2, '2025-11-23 00:07:48', 'Analises', 4, NULL),
(37, 'Notícia: \"Untitled Goose Game\" atinge 5 milhões de cópias', 'Quem diria que a simples premissa de ser um ganso malvado e causar o caos em uma vila pacífica inglesa seria a receita para um dos maiores sucessos indie da década? O estúdio House House anunciou recentemente que \"Untitled Goose Game\" ultrapassou a marca impressionante de 5 milhões de cópias vendidas em todas as plataformas. Esse número é astronômico para um jogo independente, colocando-o no panteão de lendas como \"Hollow Knight\" e \"Stardew Valley\". Mas o que explica esse fenômeno?\r\n\r\nA resposta reside na universalidade da comédia. A maioria dos jogos foca em salvar o mundo, matar monstros ou construir impérios. O Jogo do Ganso foca em travessuras. Roubar os óculos de um menino, fazer um jardineiro martelar o próprio dedo, prender uma lojista na garagem. É um tipo de humor físico (slapstick) que transcende barreiras de idioma e idade. Vimos crianças de 5 anos rindo histericamente ao lado de avós que nunca tocaram em um controle antes. O botão dedicado para grasnar (\"HONK\") tornou-se um ícone cultural instantâneo, gerando memes, camisetas e até protestos na vida real usando a imagem do ganso.\r\n\r\nAlém do humor, o jogo é mecanicamente sólido. É, na sua essência, um jogo de \"stealth\" (furtividade) simplificado. Você precisa observar os padrões dos NPCs, planejar sua rota de fuga e executar o roubo no momento certo. A adição posterior do modo cooperativo para dois jogadores (dois gansos!) apenas multiplicou o caos e a diversão, dando uma \"segunda vida\" às vendas. O sucesso de Untitled Goose Game é um lembrete valioso para a indústria de que jogos de comédia — um gênero historicamente difícil de acertar e vender — têm um público massivo e faminto, desde que a piada seja boa e a jogabilidade não atrapalhe a diversão.', 'assets/images/default.png', 'assets/images/default_recents.png', 6, '2025-11-23 00:07:48', 'Noticias', 5, NULL),
(38, 'Devlog: Planejamento de UI/UX para o nosso RPG', 'A Interface de Usuário (UI) em RPGs é, historicamente, um pesadelo de design. Você precisa mostrar ao jogador uma quantidade absurda de informações: barra de vida (HP), mana, experiência (XP), mini-mapa, buffs, debuffs, log de missões, inventário com centenas de itens... e tudo isso sem poluir a tela a ponto de esconder a bela arte do jogo que você passou anos criando. No desenvolvimento do nosso RPG atual, decidimos priorizar a imersão, adotando o conceito de \"UI Diegética\" sempre que possível.\r\n\r\nUI Diegética significa que os elementos da interface existem dentro do mundo do jogo, e não apenas colados na tela do monitor. Por exemplo, em vez de um menu de pausa genérico para ver o mapa, nosso personagem fisicamente puxa um pergaminho ou um tablet do bolso. A saúde não é apenas uma barra vermelha flutuante; estamos experimentando mostrar o dano através da postura do personagem (mancando, segurando o braço) e efeitos de vinheta na tela (visão turva, bordas vermelhas). Claro, isso tem limites. Às vezes, uma barra de número é necessária para clareza tática, então implementamos uma opção de \"UI Dinâmica\" que só aparece durante o combate e desaparece durante a exploração.\r\n\r\nOutro desafio gigante foi o UX (Experiência do Usuário) para controles, pensando especialmente no Steam Deck. Navegar por menus de inventário complexos usando um mouse é fácil; fazer isso ser fluido usando apenas um D-Pad ou analógico é uma arte. Tivemos que redesenhar todas as janelas para funcionar em \"grids\" navegáveis, aumentar o tamanho das fontes para leitura em telas pequenas e criar atalhos radiais para itens consumíveis. O objetivo final é que a interface seja invisível: o jogador deve lutar contra os monstros, não contra os menus.', 'assets/images/default.png', 'assets/images/default_recents.png', 11, '2025-11-23 00:07:48', 'Devlogs', 4, NULL),
(39, 'Cobertura: Wholesome Direct 2025', 'O \"Wholesome Direct\" consolidou-se como o antídoto necessário para a violência e a adrenalina dos jogos AAA tradicionais. Enquanto outros eventos focam em tiros, explosões e gráficos hiper-realistas de guerra, o Wholesome Direct de 2025 apresentou uma curadoria de mais de 70 jogos focados em gentileza, comunidade, relaxamento e narrativas emocionantes. O termo \"Wholesome\" (que pode ser traduzido como saudável, íntegro ou fofo) virou um gênero próprio, e a demanda por esse tipo de conteúdo nunca foi tão alta.\r\n\r\nEntre os destaques que aqueceram nosso coração, vimos \"Usagi Shima\", um jogo de colecionar coelhos em uma ilha abandonada que você decora; \"FloraMancer\", um jogo de ação onde você cultiva suas próprias magias na forma de plantas; e \"Lost Nova\", uma aventura sobre consertar sua nave enquanto ajuda a população local com problemas cotidianos. O que une esses jogos é a mecânica de \"não-violência\". Os desafios são resolvidos através de empatia, criação (crafting), música ou diálogo, não através da destruição.\r\n\r\nO evento também destacou a diversidade dos desenvolvedores. Vimos jogos criados por equipes lideradas por mulheres, pessoas LGBTQIA+ e desenvolvedores de países fora do eixo tradicional EUA-Europa-Japão, trazendo perspectivas culturais únicas para suas histórias. O crescimento exponencial da audiência do Wholesome Direct prova que os jogadores estão buscando refúgio. Em um mundo real cada vez mais caótico e estressante, videogames que oferecem um espaço seguro para respirar, plantar um jardim virtual ou apenas tomar um chá com um sapo falante não são apenas \"bonitinhos\"; são essenciais para a nossa saúde mental.', 'assets/images/default.png', 'assets/images/default_recents.png', 6, '2025-11-23 00:07:48', 'Eventos', 5, NULL),
(40, 'Opinião: Precisamos falar sobre \"Deep Rock Galactic\"', 'Precisamos falar sobre Deep Rock Galactic. Como um jogo de tiro cooperativo em primeira pessoa sobre anões espaciais mineradores conseguiu cultivar a comunidade mais amigável, acolhedora e positiva de toda a internet? Em um gênero (FPS online) famoso pela toxicidade, xingamentos e competitividade agressiva, DRG é uma anomalia brilhante. A resposta para esse sucesso não é acidental; está enraizada nas decisões fundamentais de design de jogo tomadas pela Ghost Ship Games.\r\n\r\nO jogo força a cooperação de maneira estrutural. Cada uma das quatro classes (Scout, Gunner, Engineer, Driller) tem ferramentas de travessia que são vitais para o time, mas incompletas sozinhas. O Scout pode iluminar cavernas e alcançar lugares altos, mas precisa da plataforma do Engineer para ficar lá. O Gunner tem o poder de fogo e o escudo para proteger o time, mas precisa do Driller para abrir caminho até a cápsula de fuga. Ninguém é um \"lobo solitário\" eficiente em DRG. Você precisa dos seus amigos para sobreviver e ficar rico.\r\n\r\nAlém disso, existe o botão de saudação. Com um simples aperto da tecla \"V\", seu anão levanta a picareta e grita uma variação de \"Rock and Stone!\". Esse gesto simples, sem significado tático, cria um laço emocional instantâneo. Jogadores usam isso para dizer \"olá\", \"obrigado\", \"desculpe\", \"vamos lá\" ou simplesmente para celebrar. É um reforço positivo constante. O modelo de monetização também é justo: temporadas gratuitas (agora reativáveis a qualquer momento), cosméticos que não afetam o gameplay e uma comunicação transparente dos devs. Deep Rock Galactic prova que a toxicidade em jogos online não é inevitável; ela é, muitas vezes, um subproduto de sistemas de design que colocam jogadores uns contra os outros em vez de uni-los contra os insetos alienígenas. Rock and Stone, irmãos!', 'assets/images/default.png', 'assets/images/default_recents.png', 1, '2025-11-23 00:07:48', 'Opiniao', 5, NULL),
(42, 'Teste', 'Teste.', 'assets/images/default.png', 'assets/images/default_recents.png', 42, '2025-11-25 16:12:48', 'Previas', 4, '2025-11-25 16:12:48');

-- --------------------------------------------------------

--
-- Table structure for table `Respostas_Discussoes`
--

CREATE TABLE `Respostas_Discussoes` (
  `ID` int(11) NOT NULL,
  `DISCUSSAO_ID` int(11) NOT NULL,
  `USER_ID` int(11) NOT NULL,
  `CONTEUDO` text NOT NULL,
  `DATA_CRIACAO` datetime NOT NULL DEFAULT current_timestamp()
) ENGINE=InnoDB DEFAULT CHARSET=utf8mb4 COLLATE=utf8mb4_general_ci;

--
-- Dumping data for table `Respostas_Discussoes`
--

INSERT INTO `Respostas_Discussoes` (`ID`, `DISCUSSAO_ID`, `USER_ID`, `CONTEUDO`, `DATA_CRIACAO`) VALUES
(1, 1, 1, 'Acho que 2025 não vem. Mas a página na Steam deu uma esperança. Talvez no TGA?', '2025-03-01 10:30:00'),
(2, 2, 2, 'Stardew é para relaxar e construir. Terraria é para explorar e lutar. Prefiro Terraria pela ação.', '2025-03-01 11:15:00'),
(3, 3, 4, 'Joga \"Dead Cells\" (se não jogou) ou \"Risk of Rain 2\". \"Balatro\" também é um roguelite, mas de pôquer.', '2025-03-02 12:30:00'),
(4, 4, 3, 'Achei o design fofo! Mas talvez as orelhas estejam um pouco grandes demais? Continue postando!', '2025-03-03 13:30:00'),
(5, 5, 5, 'Joguei 100h no lançamento e parei. Foi divertido, mas ainda parece muito um Acesso Antecipado. Espera mais updates.', '2025-03-04 14:30:00'),
(6, 6, 6, 'Godot. É mais leve, a curva de aprendizado para 2D é melhor e é 100% grátis, sem taxas.', '2025-03-05 15:30:00'),
(7, 7, 7, '\"Axiom Verge\" (o primeiro). \"Blasphemous\" (se curte tema sombrio). \"Ender Lilies\" também é excelente.', '2025-03-06 16:30:00'),
(8, 8, 8, 'Verificou se você incluiu os arquivos de assets no export? Às vezes ele não \"embute\" as imagens. Checa o log.', '2025-03-07 17:30:00'),
(9, 9, 9, 'Para mim, é sobre liberdade criativa. Um jogo que o time fez porque quis, não porque um executivo mandou.', '2025-03-08 18:30:00'),
(10, 10, 10, 'Gostei muito do \"Enigma do Medo\". O stand da \"RUiN\" também estava muito legal. O cenário BR está forte!', '2025-03-09 19:30:00'),
(11, 11, 11, 'Use o \"Pixel Perfect Camera\" do pacote 2D da Unity e configure o \"PPU\" (Pixels Per Unit) dos seus sprites corretamente.', '2025-03-10 10:30:00'),
(12, 12, 1, 'Corte tudo. Foque no \"loop principal\". Se o jogo for divertido só com a mecânica básica, você lança. O resto é DLC/Update.', '2025-03-11 11:30:00'),
(13, 13, 2, 'Celeste é ótimo, mas \"Undertale\" e \"Hollow Knight\" são imbatíveis para mim. A trilha de \"Risk of Rain 2\" também.', '2025-03-12 12:30:00'),
(14, 14, 4, 'Joguei \"Pacific Drive\". Muito tenso e original. \"Manor Lords\" também (apesar de ser mais \"AA\").', '2025-03-13 13:30:00'),
(15, 15, 3, 'Comece no Itch.io. Crie pacotes (ex: \"100 ícones de fantasia\", \"Tileset de floresta\"). Veja o preço de pacotes similares.', '2025-03-14 14:30:00'),
(16, 16, 5, 'Sim, vale. Adiciona muito conteúdo \"end-game\", novas interações e melhora a gestão da seita. E é grátis!', '2025-03-15 15:30:00'),
(17, 17, 6, 'Brotato é o meu favorito. Mais focado em builds malucas. \"Halls of Torment\" é ótimo se você curte o visual de Diablo 1.', '2025-03-16 16:30:00'),
(18, 18, 7, 'Verifica a propriedade \"friction\" do seu chão (Tilemap) e do seu personagem. Pode ser que um deles esteja zerado.', '2025-03-17 17:30:00'),
(19, 19, 8, '\"Disco Elysium\" (escrita absurda). \"What Remains of Edith Finch\" (narrativa ambiental). \"Papers, Please\".', '2025-03-18 18:30:00'),
(20, 20, 9, 'O \"proximity voice chat\". A interação entre os jogadores é 90% da diversão (e do terror).', '2025-03-19 19:30:00'),
(21, 21, 10, 'Durma. Sério, durma. E foque no escopo MÍNIMO. É melhor entregar um jogo pequeno e polido do que um grande quebrado.', '2025-03-20 10:30:00'),
(22, 22, 11, 'Deck de Descarte (Catalyst) ou Deck de Veneno (Noxious Fumes). Com a Silenciosa, o segredo é ter um deck PEQUENO.', '2025-03-21 11:30:00'),
(23, 23, 12, 'Steam Deck (OLED). Roda tudo, controles ótimos e a loja da Steam é imbatível para indies.', '2025-03-22 12:30:00'),
(24, 24, 13, 'Prós: Feedback da comunidade, dinheiro para continuar o dev. Contras: Reviews negativas podem matar o jogo cedo.', '2025-03-23 13:30:00'),
(25, 25, 14, 'É o feedback visual/sonoro. Partículas, \"screen shake\", \"hit stop\" (pausa de 1 frame), som de impacto. É o que faz a ação ser \"gostosa\".', '2025-03-24 14:30:00'),
(26, 26, 15, 'É normal. Os Lados-B são feitos para serem desafios extremos. O jogo é sobre superação. Você consegue!', '2025-03-25 15:30:00'),
(27, 27, 16, 'Participar de \"Next Fests\" da Steam. Ter uma demo pública. Fazer posts em redes sociais (TikTok/Twitter) mostrando o gameplay.', '2025-03-26 16:30:00'),
(28, 28, 17, 'Leia \"The Art of Game Design: A Book of Lenses\". E jogue. Jogue muito, mas \"desconstruindo\" os jogos (por que isso é divertido?).', '2025-03-27 17:30:00'),
(29, 29, 18, 'Gostei muito de \"Spiritfarer\" (embora seja triste). \"TOEM\" também é uma joia, focado em fotografia.', '2025-03-28 18:30:00'),
(30, 30, 19, 'Use a aba \"Physics Layers\" no Tilemap. Crie uma camada só para colisão e pinte as áreas que devem ser sólidas.', '2025-03-29 19:30:00'),
(31, 31, 20, 'Comece por Game Jams. O prazo de 48h te obriga a terminar. É o melhor treino para focar no escopo.', '2025-03-30 10:30:00'),
(32, 32, 21, 'LinkedIn (filtro de vagas para \"Global\"), \"Work With Indies\" e \"Remote Gamedev\".', '2025-03-31 11:30:00'),
(33, 33, 22, 'Tenha um \"pitch\" de 30 segundos do seu jogo. Elogie o jogo de outro dev antes de falar do seu. É mais fácil.', '2025-04-01 12:30:00'),
(34, 34, 23, 'Recomendo o \"Pixel Art for Programmers\" (curso na Gamedev.tv) ou os tutoriais do \"MortMort\" no YouTube.', '2025-04-02 13:30:00'),
(35, 35, 24, 'É um \"programa\" que roda na placa de vídeo e diz como um pixel deve ser desenhado (cor, luz, distorção). É complexo, mas poderoso.', '2025-04-03 14:30:00'),
(36, 36, 25, '\"Roots of Pacha\" (se você gosta da era das cavernas) ou \"My Time at Portia\" (se curte mais 3D e crafting).', '2025-04-04 15:30:00'),
(37, 37, 26, 'Dê o jogo para alguém e NÃO FALE NADA. Só observe. Anote onde a pessoa travou, onde ela ficou confusa. Não ajude.', '2025-04-05 16:30:00'),
(38, 38, 27, 'Publicadora ajuda com marketing e portabilidade (consoles), mas pega 30-50% da receita. Se você sabe fazer marketing, autopublique.', '2025-04-06 17:30:00'),
(39, 39, 28, 'Uso o Copilot para código \"boilerplate\" (Unity) e o ChatGPT para \"brainstorm\" de narrativa. Ajuda a acelerar, mas não substitui.', '2025-04-07 18:30:00'),
(40, 40, 29, 'O Update() roda a cada frame (ex: 60x por segundo). Você não deve colocar lógica pesada lá. Use \"Coroutines\" ou \"Invoke\" se for algo pontual.', '2025-04-08 19:30:00');

-- --------------------------------------------------------

--
-- Table structure for table `Usuarios`
--

CREATE TABLE `Usuarios` (
  `ID` int(11) NOT NULL,
  `NOME` varchar(255) NOT NULL,
  `EMAIL` varchar(255) NOT NULL,
  `SENHA` varchar(255) NOT NULL,
  `IS_ADMIN` tinyint(1) NOT NULL DEFAULT 0,
  `AVATAR` varchar(255) DEFAULT NULL
) ENGINE=InnoDB DEFAULT CHARSET=utf8mb4 COLLATE=utf8mb4_general_ci;

--
-- Dumping data for table `Usuarios`
--

INSERT INTO `Usuarios` (`ID`, `NOME`, `EMAIL`, `SENHA`, `IS_ADMIN`, `AVATAR`) VALUES
(1, 'Alice Gomes', 'alice@example.com', '$2y$10$N9.oznpM2OXuhWm25FPVSOhcOaeCuuHHV09CT18NcV6QWbC7l8vQa', 1, 'assets/avatars/default.png'),
(2, 'Bruno Martins', 'bruno@example.com', '$2y$10$N9.oznpM2OXuhWm25FPVSOhcOaeCuuHHV09CT18NcV6QWbC7l8vQa', 1, 'assets/avatars/default.png'),
(3, 'Carla Souza', 'carla@example.com', '$2y$10$N9.oznpM2OXuhWm25FPVSOhcOaeCuuHHV09CT18NcV6QWbC7l8vQa', 0, 'assets/avatars/default.png'),
(4, 'Daniel Oliveira', 'daniel@example.com', '$2y$10$N9.oznpM2OXuhWm25FPVSOhcOaeCuuHHV09CT18NcV6QWbC7l8vQa', 0, 'assets/avatars/default.png'),
(5, 'Eduarda Ferreira', 'eduarda@example.com', '$2y$10$N9.oznpM2OXuhWm25FPVSOhcOaeCuuHHV09CT18NcV6QWbC7l8vQa', 0, 'assets/avatars/default.png'),
(6, 'Fábio Costa', 'fabio@example.com', '$2y$10$N9.oznpM2OXuhWm25FPVSOhcOaeCuuHHV09CT18NcV6QWbC7l8vQa', 0, 'assets/avatars/default.png'),
(7, 'Gabriela Pereira', 'gabriela@example.com', '$2y$10$N9.oznpM2OXuhWm25FPVSOhcOaeCuuHHV09CT18NcV6QWbC7l8vQa', 0, 'assets/avatars/default.png'),
(8, 'Heitor Almeida', 'heitor@example.com', '$2y$10$N9.oznpM2OXuhWm25FPVSOhcOaeCuuHHV09CT18NcV6QWbC7l8vQa', 0, 'assets/avatars/default.png'),
(9, 'Isabela Santos', 'isabela@example.com', '$2y$10$N9.oznpM2OXuhWm25FPVSOhcOaeCuuHHV09CT18NcV6QWbC7l8vQa', 0, 'assets/avatars/default.png'),
(10, 'João Rodrigues', 'joao@example.com', '$2y$10$N9.oznpM2OXuhWm25FPVSOhcOaeCuuHHV09CT18NcV6QWbC7l8vQa', 0, 'assets/avatars/default.png'),
(11, 'Karen Lima', 'karen@example.com', '$2y$10$N9.oznpM2OXuhWm25FPVSOhcOaeCuuHHV09CT18NcV6QWbC7l8vQa', 0, 'assets/avatars/default.png'),
(12, 'Lucas Azevedo', 'lucas@example.com', '$2y$10$N9.oznpM2OXuhWm25FPVSOhcOaeCuuHHV09CT18NcV6QWbC7l8vQa', 0, 'assets/avatars/default.png'),
(13, 'Mariana Barbosa', 'mariana@example.com', '$2y$10$N9.oznpM2OXuhWm25FPVSOhcOaeCuuHHV09CT18NcV6QWbC7l8vQa', 0, 'assets/avatars/default.png'),
(14, 'Nilson Duarte', 'nilson@example.com', '$2y$10$N9.oznpM2OXuhWm25FPVSOhcOaeCuuHHV09CT18NcV6QWbC7l8vQa', 0, 'assets/avatars/default.png'),
(15, 'Otávio Mendes', 'otavio@example.com', '$2y$10$N9.oznpM2OXuhWm25FPVSOhcOaeCuuHHV09CT18NcV6QWbC7l8vQa', 0, 'assets/avatars/default.png'),
(16, 'Patrícia Ribeiro', 'patricia@example.com', '$2y$10$N9.oznpM2OXuhWm25FPVSOhcOaeCuuHHV09CT18NcV6QWbC7l8vQa', 0, 'assets/avatars/default.png'),
(17, 'Quintino Barros', 'quintino@example.com', '$2y$10$N9.oznpM2OXuhWm25FPVSOhcOaeCuuHHV09CT18NcV6QWbC7l8vQa', 0, 'assets/avatars/default.png'),
(18, 'Rafaela Nogueira', 'rafaela@example.com', '$2y$10$N9.oznpM2OXuhWm25FPVSOhcOaeCuuHHV09CT18NcV6QWbC7l8vQa', 0, 'assets/avatars/default.png'),
(19, 'Sérgio Viana', 'sergio@example.com', '$2y$10$N9.oznpM2OXuhWm25FPVSOhcOaeCuuHHV09CT18NcV6QWbC7l8vQa', 0, 'assets/avatars/default.png'),
(20, 'Tatiana Campos', 'tatiana@example.com', '$2y$10$N9.oznpM2OXuhWm25FPVSOhcOaeCuuHHV09CT18NcV6QWbC7l8vQa', 0, 'assets/avatars/default.png'),
(21, 'Ulisses Guimarães', 'ulisses@example.com', '$2y$10$N9.oznpM2OXuhWm25FPVSOhcOaeCuuHHV09CT18NcV6QWbC7l8vQa', 0, 'assets/avatars/default.png'),
(22, 'Vitória Morais', 'vitoria@example.com', '$2y$10$N9.oznpM2OXuhWm25FPVSOhcOaeCuuHHV09CT18NcV6QWbC7l8vQa', 0, 'assets/avatars/default.png'),
(23, 'Wagner Pinto', 'wagner@example.com', '$2y$10$N9.oznpM2OXuhWm25FPVSOhcOaeCuuHHV09CT18NcV6QWbC7l8vQa', 0, 'assets/avatars/default.png'),
(24, 'Xavier Fernandes', 'xavier@example.com', '$2y$10$N9.oznpM2OXuhWm25FPVSOhcOaeCuuHHV09CT18NcV6QWbC7l8vQa', 0, 'assets/avatars/default.png'),
(25, 'Yasmin Correia', 'yasmin@example.com', '$2y$10$N9.oznpM2OXuhWm25FPVSOhcOaeCuuHHV09CT18NcV6QWbC7l8vQa', 0, 'assets/avatars/default.png'),
(26, 'Zeca Moreira', 'zeca@example.com', '$2y$10$N9.oznpM2OXuhWm25FPVSOhcOaeCuuHHV09CT18NcV6QWbC7l8vQa', 0, 'assets/avatars/default.png'),
(27, 'Amanda Dias', 'amanda@example.com', '$2y$10$N9.oznpM2OXuhWm25FPVSOhcOaeCuuHHV09CT18NcV6QWbC7l8vQa', 0, 'assets/avatars/default.png'),
(28, 'Bento Ribeiro', 'bento@example.com', '$2y$10$N9.oznpM2OXuhWm25FPVSOhcOaeCuuHHV09CT18NcV6QWbC7l8vQa', 0, 'assets/avatars/default.png'),
(29, 'Camila Esteves', 'camila@example.com', '$2y$10$N9.oznpM2OXuhWm25FPVSOhcOaeCuuHHV09CT18NcV6QWbC7l8vQa', 0, 'assets/avatars/default.png'),
(30, 'Diogo Sampaio', 'diogo@example.com', '$2y$10$N9.oznpM2OXuhWm25FPVSOhcOaeCuuHHV09CT18NcV6QWbC7l8vQa', 0, 'assets/avatars/default.png'),
(31, 'Elisa Farias', 'elisa@example.com', '$2y$10$N9.oznpM2OXuhWm25FPVSOhcOaeCuuHHV09CT18NcV6QWbC7l8vQa', 0, 'assets/avatars/default.png'),
(32, 'Felipe Navarro', 'felipe@example.com', '$2y$10$N9.oznpM2OXuhWm25FPVSOhcOaeCuuHHV09CT18NcV6QWbC7l8vQa', 0, 'assets/avatars/default.png'),
(33, 'Giovanna Lins', 'giovanna@example.com', '$2y$10$N9.oznpM2OXuhWm25FPVSOhcOaeCuuHHV09CT18NcV6QWbC7l8vQa', 0, 'assets/avatars/default.png'),
(34, 'Hugo Bastos', 'hugo@example.com', '$2y$10$N9.oznpM2OXuhWm25FPVSOhcOaeCuuHHV09CT18NcV6QWbC7l8vQa', 0, 'assets/avatars/default.png'),
(35, 'Igor Matos', 'igor@example.com', '$2y$10$N9.oznpM2OXuhWm25FPVSOhcOaeCuuHHV09CT18NcV6QWbC7l8vQa', 0, 'assets/avatars/default.png'),
(36, 'Júlia Pires', 'julia@example.com', '$2y$10$N9.oznpM2OXuhWm25FPVSOhcOaeCuuHHV09CT18NcV6QWbC7l8vQa', 0, 'assets/avatars/default.png'),
(37, 'Kaique Andrade', 'kaique@example.com', '$2y$10$N9.oznpM2OXuhWm25FPVSOhcOaeCuuHHV09CT18NcV6QWbC7l8vQa', 0, 'assets/avatars/default.png'),
(38, 'Leonardo Paiva', 'leo@example.com', '$2y$10$N9.oznpM2OXuhWm25FPVSOhcOaeCuuHHV09CT18NcV6QWbC7l8vQa', 0, 'assets/avatars/default.png'),
(39, 'Manuela Queiroz', 'manuela@example.com', '$2y$10$N9.oznpM2OXuhWm25FPVSOhcOaeCuuHHV09CT18NcV6QWbC7l8vQa', 0, 'assets/avatars/default.png'),
(40, 'Nicolas Tavares', 'nicolas@example.com', '$2y$10$N9.oznpM2OXuhWm25FPVSOhcOaeCuuHHV09CT18NcV6QWbC7l8vQa', 0, 'assets/avatars/default.png'),
(42, 'Teste', 'teste@email.com', '$2y$10$W9grBfe.Ou4thcP9IrMto.5aY4zo.n58YE/svz5izAj5OM4JKENP2', 1, 'assets/images/1763943169_6923a301eb2fd_Avatar2.jpeg'),
(43, 'Teste', 'teste2@email.com', '$2y$10$UnWtQFW45g6CicjAjBDZ6uk3MmCQYqJFTs6iYmo3sEkDK3sCsD6Si', 0, 'assets/avatars/1764077961_6925b1896ac9c_default.png');

--
-- Indexes for dumped tables
--

--
-- Indexes for table `Comentarios`
--
ALTER TABLE `Comentarios`
  ADD PRIMARY KEY (`ID`),
  ADD KEY `POST_ID` (`POST_ID`),
  ADD KEY `USER_ID` (`USER_ID`);

--
-- Indexes for table `Curtidas`
--
ALTER TABLE `Curtidas`
  ADD PRIMARY KEY (`ID`),
  ADD UNIQUE KEY `UK_User_Post` (`USER_ID`,`POST_ID`),
  ADD KEY `POST_ID` (`POST_ID`);

--
-- Indexes for table `Discussoes`
--
ALTER TABLE `Discussoes`
  ADD PRIMARY KEY (`ID`),
  ADD KEY `AUTOR_ID` (`AUTOR_ID`);

--
-- Indexes for table `Posts`
--
ALTER TABLE `Posts`
  ADD PRIMARY KEY (`ID`),
  ADD KEY `AUTOR_ID` (`AUTOR_ID`);

--
-- Indexes for table `Respostas_Discussoes`
--
ALTER TABLE `Respostas_Discussoes`
  ADD PRIMARY KEY (`ID`),
  ADD KEY `DISCUSSAO_ID` (`DISCUSSAO_ID`),
  ADD KEY `USER_ID` (`USER_ID`);

--
-- Indexes for table `Usuarios`
--
ALTER TABLE `Usuarios`
  ADD PRIMARY KEY (`ID`),
  ADD UNIQUE KEY `EMAIL` (`EMAIL`);

--
-- AUTO_INCREMENT for dumped tables
--

--
-- AUTO_INCREMENT for table `Comentarios`
--
ALTER TABLE `Comentarios`
  MODIFY `ID` int(11) NOT NULL AUTO_INCREMENT, AUTO_INCREMENT=3;

--
-- AUTO_INCREMENT for table `Curtidas`
--
ALTER TABLE `Curtidas`
  MODIFY `ID` int(11) NOT NULL AUTO_INCREMENT, AUTO_INCREMENT=92;

--
-- AUTO_INCREMENT for table `Discussoes`
--
ALTER TABLE `Discussoes`
  MODIFY `ID` int(11) NOT NULL AUTO_INCREMENT, AUTO_INCREMENT=46;

--
-- AUTO_INCREMENT for table `Posts`
--
ALTER TABLE `Posts`
  MODIFY `ID` int(11) NOT NULL AUTO_INCREMENT, AUTO_INCREMENT=45;

--
-- AUTO_INCREMENT for table `Respostas_Discussoes`
--
ALTER TABLE `Respostas_Discussoes`
  MODIFY `ID` int(11) NOT NULL AUTO_INCREMENT, AUTO_INCREMENT=51;

--
-- AUTO_INCREMENT for table `Usuarios`
--
ALTER TABLE `Usuarios`
  MODIFY `ID` int(11) NOT NULL AUTO_INCREMENT, AUTO_INCREMENT=44;

--
-- Constraints for dumped tables
--

--
-- Constraints for table `Comentarios`
--
ALTER TABLE `Comentarios`
  ADD CONSTRAINT `comentarios_ibfk_1` FOREIGN KEY (`POST_ID`) REFERENCES `Posts` (`ID`) ON DELETE CASCADE,
  ADD CONSTRAINT `comentarios_ibfk_2` FOREIGN KEY (`USER_ID`) REFERENCES `Usuarios` (`ID`) ON DELETE CASCADE;

--
-- Constraints for table `Curtidas`
--
ALTER TABLE `Curtidas`
  ADD CONSTRAINT `curtidas_ibfk_1` FOREIGN KEY (`USER_ID`) REFERENCES `Usuarios` (`ID`) ON DELETE CASCADE,
  ADD CONSTRAINT `curtidas_ibfk_2` FOREIGN KEY (`POST_ID`) REFERENCES `Posts` (`ID`) ON DELETE CASCADE;

--
-- Constraints for table `Discussoes`
--
ALTER TABLE `Discussoes`
  ADD CONSTRAINT `discussoes_ibfk_1` FOREIGN KEY (`AUTOR_ID`) REFERENCES `Usuarios` (`ID`) ON DELETE CASCADE ON UPDATE CASCADE;

--
-- Constraints for table `Posts`
--
ALTER TABLE `Posts`
  ADD CONSTRAINT `posts_ibfk_1` FOREIGN KEY (`AUTOR_ID`) REFERENCES `Usuarios` (`ID`) ON DELETE CASCADE ON UPDATE CASCADE;

--
-- Constraints for table `Respostas_Discussoes`
--
ALTER TABLE `Respostas_Discussoes`
  ADD CONSTRAINT `respostas_discussoes_ibfk_1` FOREIGN KEY (`DISCUSSAO_ID`) REFERENCES `Discussoes` (`ID`) ON DELETE CASCADE,
  ADD CONSTRAINT `respostas_discussoes_ibfk_2` FOREIGN KEY (`USER_ID`) REFERENCES `Usuarios` (`ID`) ON DELETE CASCADE;
COMMIT;

/*!40101 SET CHARACTER_SET_CLIENT=@OLD_CHARACTER_SET_CLIENT */;
/*!40101 SET CHARACTER_SET_RESULTS=@OLD_CHARACTER_SET_RESULTS */;
/*!40101 SET COLLATION_CONNECTION=@OLD_COLLATION_CONNECTION */;
